-- pokeradmin SQL dump (programmatic)
-- generated: 2025-11-30T09:39:59.246Z
SET FOREIGN_KEY_CHECKS=0;

DROP TABLE IF EXISTS `cash_games`;
CREATE TABLE `cash_games` (
  `id` int unsigned NOT NULL AUTO_INCREMENT,
  `small_blind` decimal(10,2) NOT NULL,
  `start_datetime` datetime NOT NULL,
  `end_datetime` datetime DEFAULT NULL,
  `total_commission` decimal(10,2) DEFAULT '0.00',
  `dealer` varchar(100) COLLATE utf8mb4_unicode_ci DEFAULT NULL,
  `total_tips` decimal(10,2) DEFAULT '0.00',
  PRIMARY KEY (`id`)
) ENGINE=InnoDB AUTO_INCREMENT=5 DEFAULT CHARSET=utf8mb4 COLLATE=utf8mb4_unicode_ci;

INSERT INTO `cash_games` (`id`,`small_blind`,`start_datetime`,`end_datetime`,`total_commission`,`dealer`,`total_tips`) VALUES
(1,'1.00','2025-11-16 00:45:55',NULL,'0.00',NULL,'0.00'),
(2,'1.00','2025-11-14 19:00:00',NULL,'0.00','dealer1','0.00'),
(3,'2.00','2025-11-15 17:00:00',NULL,'0.00','dealer2','0.00'),
(4,'5.00','2025-11-15 18:00:00',NULL,'0.00','dealer3','0.00');

DROP TABLE IF EXISTS `cash_participants`;
CREATE TABLE `cash_participants` (
  `id` int unsigned NOT NULL AUTO_INCREMENT,
  `cash_game_id` int unsigned NOT NULL,
  `user_id` int unsigned NOT NULL,
  `seat_number` int DEFAULT NULL,
  `joined_at` datetime NOT NULL,
  `left_at` datetime DEFAULT NULL,
  PRIMARY KEY (`id`),
  KEY `cash_game_id` (`cash_game_id`),
  KEY `user_id` (`user_id`),
  CONSTRAINT `cash_participants_ibfk_1` FOREIGN KEY (`cash_game_id`) REFERENCES `cash_games` (`id`),
  CONSTRAINT `cash_participants_ibfk_2` FOREIGN KEY (`user_id`) REFERENCES `users` (`id`)
) ENGINE=InnoDB AUTO_INCREMENT=63 DEFAULT CHARSET=utf8mb4 COLLATE=utf8mb4_unicode_ci;

INSERT INTO `cash_participants` (`id`,`cash_game_id`,`user_id`,`seat_number`,`joined_at`,`left_at`) VALUES
(1,1,1,NULL,'2025-11-16 00:45:55',NULL),
(2,3,9,2,'2025-11-22 17:16:27',NULL),
(3,4,9,2,'2025-11-22 17:16:27',NULL),
(4,2,10,3,'2025-11-22 17:16:27',NULL),
(5,3,11,4,'2025-11-22 17:16:27',NULL),
(6,2,12,5,'2025-11-22 17:16:27',NULL),
(7,3,13,6,'2025-11-22 17:16:27',NULL),
(8,2,14,7,'2025-11-22 17:16:27',NULL),
(9,2,15,8,'2025-11-22 17:16:27',NULL),
(10,3,15,8,'2025-11-22 17:16:27',NULL),
(11,2,16,9,'2025-11-22 17:16:27',NULL),
(12,2,17,1,'2025-11-22 17:16:27',NULL),
(13,4,17,1,'2025-11-22 17:16:27',NULL),
(14,2,18,2,'2025-11-22 17:16:27',NULL),
(15,3,18,2,'2025-11-22 17:16:27',NULL),
(16,3,19,3,'2025-11-22 17:16:27',NULL),
(17,4,19,3,'2025-11-22 17:16:27',NULL),
(18,2,20,4,'2025-11-22 17:16:27',NULL),
(19,2,22,6,'2025-11-22 17:16:27',NULL),
(20,3,22,6,'2025-11-22 17:16:27',NULL),
(21,2,23,7,'2025-11-22 17:16:27',NULL),
(22,3,23,7,'2025-11-22 17:16:27',NULL),
(23,3,24,8,'2025-11-22 17:16:27',NULL),
(24,4,24,8,'2025-11-22 17:16:27',NULL),
(25,3,25,9,'2025-11-22 17:16:28',NULL),
(26,2,26,1,'2025-11-22 17:16:28',NULL),
(27,4,26,1,'2025-11-22 17:16:28',NULL),
(28,2,27,2,'2025-11-22 17:16:28',NULL),
(29,4,28,3,'2025-11-22 17:16:28',NULL),
(30,4,29,4,'2025-11-22 17:16:28',NULL),
(31,3,31,6,'2025-11-22 17:16:28',NULL),
(32,4,31,6,'2025-11-22 17:16:28',NULL),
(33,2,32,7,'2025-11-22 17:16:28',NULL),
(34,3,32,7,'2025-11-22 17:16:28',NULL),
(35,2,33,8,'2025-11-22 17:16:28',NULL),
(36,2,34,9,'2025-11-22 17:16:28',NULL),
(37,2,36,2,'2025-11-22 17:16:28',NULL),
(38,2,37,3,'2025-11-22 17:16:28',NULL),
(39,2,38,4,'2025-11-22 17:16:28',NULL),
(40,3,38,4,'2025-11-22 17:16:28',NULL),
(41,3,39,5,'2025-11-22 17:16:28',NULL),
(42,2,40,6,'2025-11-22 17:16:28',NULL),
(43,2,41,7,'2025-11-22 17:16:28',NULL),
(44,4,42,8,'2025-11-22 17:16:28',NULL),
(45,2,43,9,'2025-11-22 17:16:28',NULL),
(46,3,43,9,'2025-11-22 17:16:28',NULL),
(47,4,43,9,'2025-11-22 17:16:28',NULL),
(48,3,45,2,'2025-11-22 17:16:28',NULL),
(49,4,45,2,'2025-11-22 17:16:28',NULL),
(50,2,47,4,'2025-11-22 17:16:28',NULL),
(51,3,48,5,'2025-11-22 17:16:28',NULL),
(52,2,49,6,'2025-11-22 17:16:28',NULL),
(53,3,49,6,'2025-11-22 17:16:28',NULL),
(54,4,49,6,'2025-11-22 17:16:28',NULL),
(55,2,50,7,'2025-11-22 17:16:28',NULL),
(56,4,50,7,'2025-11-22 17:16:28',NULL),
(57,3,52,9,'2025-11-22 17:16:28',NULL),
(58,2,53,1,'2025-11-22 17:16:28',NULL),
(59,4,53,1,'2025-11-22 17:16:28',NULL),
(60,2,54,2,'2025-11-22 17:16:28',NULL),
(61,2,55,3,'2025-11-22 17:16:28',NULL),
(62,2,57,5,'2025-11-22 17:16:28',NULL);

DROP TABLE IF EXISTS `commission_pools`;
CREATE TABLE `commission_pools` (
  `id` int unsigned NOT NULL AUTO_INCREMENT,
  `pool_type` enum('monthly','quarterly','copa_don_humberto','house') COLLATE utf8mb4_unicode_ci NOT NULL,
  `period_identifier` varchar(50) COLLATE utf8mb4_unicode_ci NOT NULL,
  `accumulated_amount` decimal(15,2) NOT NULL DEFAULT '0.00',
  `status` enum('active','closed','paid') COLLATE utf8mb4_unicode_ci NOT NULL DEFAULT 'active',
  `closed_at` datetime DEFAULT NULL,
  `paid_at` datetime DEFAULT NULL,
  `notes` text COLLATE utf8mb4_unicode_ci,
  `created_at` datetime NOT NULL,
  `updated_at` datetime NOT NULL,
  PRIMARY KEY (`id`)
) ENGINE=InnoDB AUTO_INCREMENT=5 DEFAULT CHARSET=utf8mb4 COLLATE=utf8mb4_unicode_ci;

INSERT INTO `commission_pools` (`id`,`pool_type`,`period_identifier`,`accumulated_amount`,`status`,`closed_at`,`paid_at`,`notes`,`created_at`,`updated_at`) VALUES
(1,'monthly','2025-11','19.91','active',NULL,NULL,NULL,'2025-11-22 21:26:20','2025-11-25 20:22:54'),
(2,'quarterly','2025-Q4','19.91','active',NULL,NULL,NULL,'2025-11-22 21:26:20','2025-11-25 20:22:54'),
(3,'copa_don_humberto','2025','19.91','active',NULL,NULL,NULL,'2025-11-22 21:26:20','2025-11-25 20:22:54'),
(4,'house','2025-11','338.47','active',NULL,NULL,NULL,'2025-11-22 21:26:20','2025-11-25 20:22:54');

DROP TABLE IF EXISTS `historical_points`;
CREATE TABLE `historical_points` (
  `id` int unsigned NOT NULL AUTO_INCREMENT,
  `record_date` datetime NOT NULL,
  `user_id` int unsigned NOT NULL,
  `season_id` int unsigned NOT NULL,
  `tournament_id` int unsigned DEFAULT NULL,
  `result_id` int unsigned DEFAULT NULL,
  `action_type` enum('attendance','reentry','final_table','placement','bonus') COLLATE utf8mb4_unicode_ci NOT NULL,
  `description` varchar(255) COLLATE utf8mb4_unicode_ci DEFAULT NULL,
  `points` int NOT NULL,
  PRIMARY KEY (`id`)
) ENGINE=InnoDB AUTO_INCREMENT=152 DEFAULT CHARSET=utf8mb4 COLLATE=utf8mb4_unicode_ci;

INSERT INTO `historical_points` (`id`,`record_date`,`user_id`,`season_id`,`tournament_id`,`result_id`,`action_type`,`description`,`points`) VALUES
(1,'2025-11-22 17:16:28',8,1,NULL,NULL,'attendance','Seed attendance',19),
(2,'2025-11-22 17:16:28',9,1,NULL,NULL,'attendance','Seed attendance',37),
(3,'2025-11-22 17:16:28',9,1,NULL,NULL,'attendance','Seed attendance',79),
(4,'2025-11-22 17:16:28',9,1,NULL,NULL,'attendance','Seed attendance',96),
(5,'2025-11-22 17:16:28',10,1,NULL,NULL,'attendance','Seed attendance',30),
(6,'2025-11-22 17:16:28',11,1,NULL,NULL,'attendance','Seed attendance',37),
(7,'2025-11-22 17:16:28',11,1,NULL,NULL,'attendance','Seed attendance',28),
(8,'2025-11-22 17:16:28',11,1,NULL,NULL,'attendance','Seed attendance',78),
(9,'2025-11-22 17:16:28',12,1,NULL,NULL,'attendance','Seed attendance',74),
(10,'2025-11-22 17:16:28',12,1,NULL,NULL,'attendance','Seed attendance',92),
(11,'2025-11-22 17:16:28',12,1,NULL,NULL,'attendance','Seed attendance',10),
(12,'2025-11-22 17:16:28',13,1,NULL,NULL,'attendance','Seed attendance',19),
(13,'2025-11-22 17:16:28',13,1,NULL,NULL,'attendance','Seed attendance',23),
(14,'2025-11-22 17:16:28',13,1,NULL,NULL,'attendance','Seed attendance',0),
(15,'2025-11-22 17:16:28',14,1,NULL,NULL,'attendance','Seed attendance',74),
(16,'2025-11-22 17:16:28',15,1,NULL,NULL,'attendance','Seed attendance',7),
(17,'2025-11-22 17:16:28',15,1,NULL,NULL,'attendance','Seed attendance',56),
(18,'2025-11-22 17:16:28',16,1,NULL,NULL,'attendance','Seed attendance',10),
(19,'2025-11-22 17:16:28',16,1,NULL,NULL,'attendance','Seed attendance',63),
(20,'2025-11-22 17:16:28',16,1,NULL,NULL,'attendance','Seed attendance',87),
(21,'2025-11-22 17:16:28',17,1,NULL,NULL,'attendance','Seed attendance',46),
(22,'2025-11-22 17:16:28',18,1,NULL,NULL,'attendance','Seed attendance',64),
(23,'2025-11-22 17:16:28',18,1,NULL,NULL,'attendance','Seed attendance',93),
(24,'2025-11-22 17:16:28',20,1,NULL,NULL,'attendance','Seed attendance',48),
(25,'2025-11-22 17:16:28',21,1,NULL,NULL,'attendance','Seed attendance',0),
(26,'2025-11-22 17:16:28',21,1,NULL,NULL,'attendance','Seed attendance',77),
(27,'2025-11-22 17:16:28',22,1,NULL,NULL,'attendance','Seed attendance',77),
(28,'2025-11-22 17:16:28',22,1,NULL,NULL,'attendance','Seed attendance',68),
(29,'2025-11-22 17:16:28',22,1,NULL,NULL,'attendance','Seed attendance',75),
(30,'2025-11-22 17:16:28',26,1,NULL,NULL,'attendance','Seed attendance',81),
(31,'2025-11-22 17:16:28',26,1,NULL,NULL,'attendance','Seed attendance',56),
(32,'2025-11-22 17:16:28',26,1,NULL,NULL,'attendance','Seed attendance',41),
(33,'2025-11-22 17:16:28',27,1,NULL,NULL,'attendance','Seed attendance',22),
(34,'2025-11-22 17:16:28',27,1,NULL,NULL,'attendance','Seed attendance',3),
(35,'2025-11-22 17:16:28',28,1,NULL,NULL,'attendance','Seed attendance',53),
(36,'2025-11-22 17:16:28',28,1,NULL,NULL,'attendance','Seed attendance',14),
(37,'2025-11-22 17:16:28',28,1,NULL,NULL,'attendance','Seed attendance',6),
(38,'2025-11-22 17:16:28',29,1,NULL,NULL,'attendance','Seed attendance',65),
(39,'2025-11-22 17:16:28',30,1,NULL,NULL,'attendance','Seed attendance',51),
(40,'2025-11-22 17:16:28',30,1,NULL,NULL,'attendance','Seed attendance',12),
(41,'2025-11-22 17:16:28',30,1,NULL,NULL,'attendance','Seed attendance',17),
(42,'2025-11-22 17:16:28',31,1,NULL,NULL,'attendance','Seed attendance',94),
(43,'2025-11-22 17:16:28',32,1,NULL,NULL,'attendance','Seed attendance',65),
(44,'2025-11-22 17:16:28',32,1,NULL,NULL,'attendance','Seed attendance',18),
(45,'2025-11-22 17:16:28',33,1,NULL,NULL,'attendance','Seed attendance',41),
(46,'2025-11-22 17:16:28',34,1,NULL,NULL,'attendance','Seed attendance',82),
(47,'2025-11-22 17:16:28',34,1,NULL,NULL,'attendance','Seed attendance',89),
(48,'2025-11-22 17:16:28',35,1,NULL,NULL,'attendance','Seed attendance',43),
(49,'2025-11-22 17:16:28',35,1,NULL,NULL,'attendance','Seed attendance',17),
(50,'2025-11-22 17:16:28',35,1,NULL,NULL,'attendance','Seed attendance',30),
(51,'2025-11-22 17:16:28',36,1,NULL,NULL,'attendance','Seed attendance',56),
(52,'2025-11-22 17:16:28',36,1,NULL,NULL,'attendance','Seed attendance',20),
(53,'2025-11-22 17:16:28',36,1,NULL,NULL,'attendance','Seed attendance',38),
(54,'2025-11-22 17:16:28',38,1,NULL,NULL,'attendance','Seed attendance',25),
(55,'2025-11-22 17:16:28',40,1,NULL,NULL,'attendance','Seed attendance',22),
(56,'2025-11-22 17:16:28',40,1,NULL,NULL,'attendance','Seed attendance',65),
(57,'2025-11-22 17:16:28',41,1,NULL,NULL,'attendance','Seed attendance',43),
(58,'2025-11-22 17:16:28',41,1,NULL,NULL,'attendance','Seed attendance',49),
(59,'2025-11-22 17:16:28',43,1,NULL,NULL,'attendance','Seed attendance',89),
(60,'2025-11-22 17:16:28',43,1,NULL,NULL,'attendance','Seed attendance',20),
(61,'2025-11-22 17:16:28',44,1,NULL,NULL,'attendance','Seed attendance',47),
(62,'2025-11-22 17:16:28',45,1,NULL,NULL,'attendance','Seed attendance',64),
(63,'2025-11-22 17:16:28',45,1,NULL,NULL,'attendance','Seed attendance',96),
(64,'2025-11-22 17:16:28',45,1,NULL,NULL,'attendance','Seed attendance',0),
(65,'2025-11-22 17:16:28',46,1,NULL,NULL,'attendance','Seed attendance',52),
(66,'2025-11-22 17:16:28',46,1,NULL,NULL,'attendance','Seed attendance',43),
(67,'2025-11-22 17:16:28',46,1,NULL,NULL,'attendance','Seed attendance',61),
(68,'2025-11-22 17:16:28',47,1,NULL,NULL,'attendance','Seed attendance',44),
(69,'2025-11-22 17:16:28',47,1,NULL,NULL,'attendance','Seed attendance',34),
(70,'2025-11-22 17:16:28',48,1,NULL,NULL,'attendance','Seed attendance',47),
(71,'2025-11-22 17:16:28',48,1,NULL,NULL,'attendance','Seed attendance',40),
(72,'2025-11-22 17:16:28',49,1,NULL,NULL,'attendance','Seed attendance',62),
(73,'2025-11-22 17:16:28',50,1,NULL,NULL,'attendance','Seed attendance',43),
(74,'2025-11-22 17:16:28',50,1,NULL,NULL,'attendance','Seed attendance',39),
(75,'2025-11-22 17:16:28',50,1,NULL,NULL,'attendance','Seed attendance',72),
(76,'2025-11-22 17:16:28',51,1,NULL,NULL,'attendance','Seed attendance',95),
(77,'2025-11-22 17:16:28',51,1,NULL,NULL,'attendance','Seed attendance',97),
(78,'2025-11-22 17:16:28',54,1,NULL,NULL,'attendance','Seed attendance',81),
(79,'2025-11-22 17:16:28',55,1,NULL,NULL,'attendance','Seed attendance',28),
(80,'2025-11-22 20:14:55',2,1,6,NULL,'attendance','Asistencia - Torneo Demo Completo - 22/11/2025',50),
(81,'2025-11-22 20:14:55',3,1,6,NULL,'attendance','Asistencia - Torneo Demo Completo - 22/11/2025',50),
(82,'2025-11-22 20:14:55',4,1,6,NULL,'attendance','Asistencia - Torneo Demo Completo - 22/11/2025',50),
(83,'2025-11-22 20:14:56',5,1,6,NULL,'attendance','Asistencia - Torneo Demo Completo - 22/11/2025',50),
(84,'2025-11-22 20:14:56',7,1,6,NULL,'attendance','Asistencia - Torneo Demo Completo - 22/11/2025',50),
(85,'2025-11-22 20:14:56',10,1,6,NULL,'attendance','Asistencia - Torneo Demo Completo - 22/11/2025',50),
(86,'2025-11-22 20:14:56',11,1,6,NULL,'attendance','Asistencia - Torneo Demo Completo - 22/11/2025',50),
(87,'2025-11-22 20:14:56',12,1,6,NULL,'attendance','Asistencia - Torneo Demo Completo - 22/11/2025',50),
(88,'2025-11-22 20:14:56',14,1,6,NULL,'attendance','Asistencia - Torneo Demo Completo - 22/11/2025',50),
(89,'2025-11-22 20:14:56',15,1,6,NULL,'attendance','Asistencia - Torneo Demo Completo - 22/11/2025',50),
(90,'2025-11-22 20:14:56',16,1,6,NULL,'attendance','Asistencia - Torneo Demo Completo - 22/11/2025',50),
(91,'2025-11-22 20:14:56',17,1,6,NULL,'attendance','Asistencia - Torneo Demo Completo - 22/11/2025',50),
(92,'2025-11-22 20:14:56',19,1,6,NULL,'attendance','Asistencia - Torneo Demo Completo - 22/11/2025',50),
(93,'2025-11-22 20:14:56',20,1,6,NULL,'attendance','Asistencia - Torneo Demo Completo - 22/11/2025',50),
(94,'2025-11-22 20:14:56',23,1,6,NULL,'attendance','Asistencia - Torneo Demo Completo - 22/11/2025',50),
(95,'2025-11-22 20:14:56',24,1,6,NULL,'attendance','Asistencia - Torneo Demo Completo - 22/11/2025',50),
(96,'2025-11-22 20:14:56',26,1,6,NULL,'attendance','Asistencia - Torneo Demo Completo - 22/11/2025',50),
(97,'2025-11-22 20:14:56',30,1,6,NULL,'attendance','Asistencia - Torneo Demo Completo - 22/11/2025',50),
(98,'2025-11-22 20:14:56',32,1,6,NULL,'attendance','Asistencia - Torneo Demo Completo - 22/11/2025',50),
(99,'2025-11-22 20:14:56',35,1,6,NULL,'attendance','Asistencia - Torneo Demo Completo - 22/11/2025',50),
(100,'2025-11-22 20:14:56',36,1,6,NULL,'attendance','Asistencia - Torneo Demo Completo - 22/11/2025',50),
(101,'2025-11-22 20:14:56',37,1,6,NULL,'attendance','Asistencia - Torneo Demo Completo - 22/11/2025',50),
(102,'2025-11-22 20:14:56',40,1,6,NULL,'attendance','Asistencia - Torneo Demo Completo - 22/11/2025',50),
(103,'2025-11-22 20:14:56',44,1,6,NULL,'attendance','Asistencia - Torneo Demo Completo - 22/11/2025',50),
(104,'2025-11-22 20:14:56',45,1,6,NULL,'attendance','Asistencia - Torneo Demo Completo - 22/11/2025',50),
(105,'2025-11-22 20:14:56',47,1,6,NULL,'attendance','Asistencia - Torneo Demo Completo - 22/11/2025',50),
(106,'2025-11-22 20:14:56',49,1,6,NULL,'attendance','Asistencia - Torneo Demo Completo - 22/11/2025',50),
(107,'2025-11-22 20:14:56',2,1,6,1,'placement','Posición 1 - Torneo Demo Completo - 22/11/2025',1000),
(108,'2025-11-22 20:14:56',2,1,6,1,'final_table','Mesa final - Torneo Demo Completo - 22/11/2025',100),
(109,'2025-11-22 20:14:56',3,1,6,2,'placement','Posición 2 - Torneo Demo Completo - 22/11/2025',800),
(110,'2025-11-22 20:14:56',3,1,6,2,'final_table','Mesa final - Torneo Demo Completo - 22/11/2025',100),
(111,'2025-11-22 20:14:56',4,1,6,3,'placement','Posición 3 - Torneo Demo Completo - 22/11/2025',650),
(112,'2025-11-22 20:14:56',4,1,6,3,'final_table','Mesa final - Torneo Demo Completo - 22/11/2025',100),
(113,'2025-11-22 20:14:56',5,1,6,4,'placement','Posición 4 - Torneo Demo Completo - 22/11/2025',500),
(114,'2025-11-22 20:14:56',5,1,6,4,'final_table','Mesa final - Torneo Demo Completo - 22/11/2025',100),
(115,'2025-11-22 20:14:56',6,1,6,5,'placement','Posición 5 - Torneo Demo Completo - 22/11/2025',400),
(116,'2025-11-22 20:14:56',6,1,6,5,'final_table','Mesa final - Torneo Demo Completo - 22/11/2025',100),
(117,'2025-11-22 20:14:56',7,1,6,6,'placement','Posición 6 - Torneo Demo Completo - 22/11/2025',350),
(118,'2025-11-22 20:14:56',7,1,6,6,'final_table','Mesa final - Torneo Demo Completo - 22/11/2025',100),
(119,'2025-11-22 20:14:56',8,1,6,7,'placement','Posición 7 - Torneo Demo Completo - 22/11/2025',300),
(120,'2025-11-22 20:14:56',8,1,6,7,'final_table','Mesa final - Torneo Demo Completo - 22/11/2025',100),
(121,'2025-11-22 20:14:56',9,1,6,8,'placement','Posición 8 - Torneo Demo Completo - 22/11/2025',250),
(122,'2025-11-22 20:14:56',9,1,6,8,'final_table','Mesa final - Torneo Demo Completo - 22/11/2025',100),
(123,'2025-11-22 20:14:56',10,1,6,9,'placement','Posición 9 - Torneo Demo Completo - 22/11/2025',200),
(124,'2025-11-22 20:14:56',10,1,6,9,'final_table','Mesa final - Torneo Demo Completo - 22/11/2025',100),
(125,'2025-11-22 20:14:56',11,1,6,10,'placement','Posición 10 - Torneo Demo Completo - 22/11/2025',180),
(126,'2025-11-22 20:14:56',12,1,6,11,'placement','Posición 11 - Torneo Demo Completo - 22/11/2025',160),
(127,'2025-11-22 20:14:56',13,1,6,12,'placement','Posición 12 - Torneo Demo Completo - 22/11/2025',140),
(128,'2025-11-22 20:14:56',14,1,6,13,'placement','Posición 13 - Torneo Demo Completo - 22/11/2025',120),
(129,'2025-11-22 20:14:56',15,1,6,14,'placement','Posición 14 - Torneo Demo Completo - 22/11/2025',100),
(130,'2025-11-22 20:14:56',16,1,6,15,'placement','Posición 15 - Torneo Demo Completo - 22/11/2025',90),
(131,'2025-11-22 20:14:56',17,1,6,16,'placement','Posición 16 - Torneo Demo Completo - 22/11/2025',80),
(132,'2025-11-22 20:14:56',18,1,6,17,'placement','Posición 17 - Torneo Demo Completo - 22/11/2025',70),
(133,'2025-11-22 20:14:57',19,1,6,18,'placement','Posición 18 - Torneo Demo Completo - 22/11/2025',60),
(134,'2025-11-22 20:14:57',20,1,6,19,'placement','Posición 19 - Torneo Demo Completo - 22/11/2025',50),
(135,'2025-11-22 20:14:57',21,1,6,20,'placement','Posición 20 - Torneo Demo Completo - 22/11/2025',40),
(136,'2025-11-23 19:53:18',2,1,9,NULL,'bonus','Puntos por cajas - Mesa final posición 1 (20.0%)',450),
(137,'2025-11-23 19:53:18',1,1,9,NULL,'bonus','Puntos por cajas - Mesa final posición 2 (18.0%)',405),
(138,'2025-11-23 19:53:18',3,1,9,NULL,'bonus','Puntos por cajas - Mesa final posición 3 (16.0%)',360),
(139,'2025-11-23 19:53:18',4,1,9,NULL,'bonus','Puntos por cajas - Mesa final posición 4 (14.0%)',315),
(140,'2025-11-23 19:53:18',5,1,9,NULL,'bonus','Puntos por cajas - Mesa final posición 5 (12.0%)',270),
(141,'2025-11-23 19:53:22',2,1,9,NULL,'bonus','Puntos por cajas - Mesa final posición 1 (20.0%)',450),
(142,'2025-11-23 19:53:22',1,1,9,NULL,'bonus','Puntos por cajas - Mesa final posición 2 (18.0%)',405),
(143,'2025-11-23 19:53:22',3,1,9,NULL,'bonus','Puntos por cajas - Mesa final posición 3 (16.0%)',360),
(144,'2025-11-23 19:53:22',4,1,9,NULL,'bonus','Puntos por cajas - Mesa final posición 4 (14.0%)',315),
(145,'2025-11-23 19:53:22',5,1,9,NULL,'bonus','Puntos por cajas - Mesa final posición 5 (12.0%)',270),
(146,'2025-11-23 19:54:17',2,1,9,NULL,'bonus','Puntos por cajas - Mesa final posición 1 (20.0%)',450),
(147,'2025-11-23 19:54:17',1,1,9,NULL,'bonus','Puntos por cajas - Mesa final posición 2 (18.0%)',405),
(148,'2025-11-23 19:54:17',3,1,9,NULL,'bonus','Puntos por cajas - Mesa final posición 3 (16.0%)',360),
(149,'2025-11-23 19:54:17',4,1,9,NULL,'bonus','Puntos por cajas - Mesa final posición 4 (14.0%)',315),
(150,'2025-11-23 19:54:17',5,1,9,NULL,'bonus','Puntos por cajas - Mesa final posición 5 (12.0%)',270),
(151,'2025-11-25 20:22:54',4,1,11,NULL,'bonus','Puntos por cajas - Mesa final posición 1 (20.0%)',450);

DROP TABLE IF EXISTS `payments`;
CREATE TABLE `payments` (
  `id` int unsigned NOT NULL AUTO_INCREMENT,
  `user_id` int unsigned NOT NULL,
  `amount` decimal(15,2) NOT NULL,
  `payment_date` datetime NOT NULL,
  `source` varchar(50) COLLATE utf8mb4_unicode_ci DEFAULT NULL,
  `reference_id` int unsigned DEFAULT NULL,
  `paid` tinyint(1) NOT NULL DEFAULT '0',
  `paid_amount` decimal(15,2) DEFAULT '0.00',
  `method` varchar(50) COLLATE utf8mb4_unicode_ci DEFAULT NULL,
  `personal_account` tinyint(1) DEFAULT '0',
  `recorded_by_name` varchar(150) COLLATE utf8mb4_unicode_ci DEFAULT NULL,
  `createdAt` datetime NOT NULL,
  `updatedAt` datetime NOT NULL,
  PRIMARY KEY (`id`),
  KEY `user_id` (`user_id`),
  CONSTRAINT `payments_ibfk_1` FOREIGN KEY (`user_id`) REFERENCES `users` (`id`)
) ENGINE=InnoDB AUTO_INCREMENT=191 DEFAULT CHARSET=utf8mb4 COLLATE=utf8mb4_unicode_ci;

INSERT INTO `payments` (`id`,`user_id`,`amount`,`payment_date`,`source`,`reference_id`,`paid`,`paid_amount`,`method`,`personal_account`,`recorded_by_name`,`createdAt`,`updatedAt`) VALUES
(1,2,'80.00','2025-11-16 00:45:54','tournament',1,0,'10.00','manual|by:dev-admin:1',0,'dev-admin','2025-11-16 00:45:54','2025-11-23 19:41:18'),
(2,3,'200.00','2025-11-16 00:45:54','tournament',2,0,'144.00','manual|by:dev-admin:1',0,'dev-admin','2025-11-16 00:45:54','2025-11-23 19:41:41'),
(3,3,'50.00','2025-11-16 00:45:54','settlement',2,1,'50.00','cash|by:dev-admin:1',0,'dev-admin','2025-11-16 00:45:54','2025-11-16 00:45:54'),
(4,3,'75.00','2025-11-16 00:45:54','settlement',2,1,'75.00','card|by:dev-admin:1',0,'dev-admin','2025-11-16 00:45:54','2025-11-16 00:45:54'),
(5,1,'80.00','2025-11-16 00:45:55','tournament',3,1,'1000000.00','cash|by:admin:1',0,'admin','2025-11-16 00:45:55','2025-11-16 00:45:55'),
(6,1,'80.00','2025-11-16 00:45:55','tournament',4,0,'0.00','manual|by:admin:1',0,'admin','2025-11-16 00:45:55','2025-11-16 00:45:55'),
(7,1,'0.00','2025-11-16 00:45:55','cash',1,1,'50.00','manual|by:admin:1',0,'admin','2025-11-16 00:45:55','2025-11-16 00:45:55'),
(8,1,'50.00','2025-11-16 00:45:55','settlement',1,1,'50.00','cash|by:admin:1',0,'admin','2025-11-16 00:45:55','2025-11-16 00:45:55'),
(9,4,'100.00','2025-11-16 00:45:56','tournament',5,1,'100.00',NULL,0,NULL,'2025-11-16 00:45:56','2025-11-16 00:45:56'),
(10,4,'100.00','2025-11-16 00:45:56','tournament',6,1,'100.00',NULL,0,NULL,'2025-11-16 00:45:56','2025-11-16 00:45:56'),
(11,4,'150.00','2025-11-16 00:45:56','personal_debt',NULL,1,'150.00',NULL,1,NULL,'2025-11-16 00:45:56','2025-11-16 00:45:56'),
(12,4,'100.00','2025-11-16 00:45:56','settlement',9,1,'100.00','efectivo|idemp:test-1|by:admin',0,'admin','2025-11-16 00:45:56','2025-11-16 00:45:56'),
(13,4,'50.00','2025-11-16 00:45:56','settlement',10,1,'50.00','efectivo|idemp:test-1|by:admin',0,'admin','2025-11-16 00:45:56','2025-11-16 00:45:56'),
(14,4,'50.00','2025-11-16 00:45:56','settlement',10,1,'50.00','tarjeta|idemp:test-2|by:admin',0,'admin','2025-11-16 00:45:56','2025-11-16 00:45:56'),
(15,4,'150.00','2025-11-16 00:45:56','settlement_personal',11,1,'150.00','tarjeta|idemp:test-2|by:admin',1,'admin','2025-11-16 00:45:56','2025-11-16 00:45:56'),
(16,4,'1000.00','2025-11-16 00:45:56','credit',NULL,1,'1000.00','efectivo|idemp:test-3|by:admin',1,'admin','2025-11-16 00:45:56','2025-11-16 00:45:56'),
(17,5,'80.00','2025-11-16 00:45:56','tournament',7,1,'80.00','cash',0,NULL,'2025-11-16 00:45:56','2025-11-16 00:45:56'),
(18,6,'80.00','2025-11-16 00:45:56','tournament',8,0,'0.00',NULL,0,NULL,'2025-11-16 00:45:56','2025-11-16 00:45:56'),
(19,7,'80.00','2025-11-16 00:45:56','tournament',9,0,'30.00','card',0,NULL,'2025-11-16 00:45:56','2025-11-16 00:45:56'),
(20,1,'21.00','2025-11-16 00:45:57','commission',4,1,'21.00','commission',0,'admin','2025-11-16 00:45:57','2025-11-16 00:45:57'),
(21,5,'-189.00','2025-11-16 00:45:57','tournament_payout',NULL,1,'189.00','payout',0,'admin','2025-11-16 00:45:57','2025-11-16 00:45:57'),
(22,8,'80.00','2025-11-22 17:16:28','tournament',11,1,'80.00','cash',0,NULL,'2025-11-22 17:16:28','2025-11-22 17:16:28'),
(23,9,'80.00','2025-11-22 17:16:28','tournament',12,1,'80.00','cash',0,NULL,'2025-11-22 17:16:28','2025-11-22 17:16:28'),
(24,10,'80.00','2025-11-22 17:16:28','tournament',13,1,'80.00','cash',0,NULL,'2025-11-22 17:16:28','2025-11-22 17:16:28'),
(25,11,'80.00','2025-11-22 17:16:28','tournament',14,0,'0.00',NULL,0,NULL,'2025-11-22 17:16:28','2025-11-22 17:16:28'),
(26,12,'80.00','2025-11-22 17:16:28','tournament',15,0,'0.00',NULL,0,NULL,'2025-11-22 17:16:28','2025-11-22 17:16:28'),
(27,13,'80.00','2025-11-22 17:16:28','tournament',16,0,'40.00','card',0,NULL,'2025-11-22 17:16:28','2025-11-22 17:16:28'),
(28,14,'80.00','2025-11-22 17:16:28','tournament',17,0,'0.00',NULL,0,NULL,'2025-11-22 17:16:28','2025-11-22 17:16:28'),
(29,15,'80.00','2025-11-22 17:16:28','tournament',18,1,'80.00','cash',0,NULL,'2025-11-22 17:16:28','2025-11-22 17:16:28'),
(30,16,'80.00','2025-11-22 17:16:28','tournament',19,0,'0.00',NULL,0,NULL,'2025-11-22 17:16:28','2025-11-22 17:16:28'),
(31,17,'80.00','2025-11-22 17:16:28','tournament',20,1,'80.00','cash',0,NULL,'2025-11-22 17:16:28','2025-11-22 17:16:28'),
(32,18,'80.00','2025-11-22 17:16:28','tournament',21,0,'0.00',NULL,0,NULL,'2025-11-22 17:16:28','2025-11-22 17:16:28'),
(33,19,'80.00','2025-11-22 17:16:28','tournament',22,0,'0.00',NULL,0,NULL,'2025-11-22 17:16:28','2025-11-22 17:16:28'),
(34,20,'80.00','2025-11-22 17:16:28','tournament',23,0,'0.00',NULL,0,NULL,'2025-11-22 17:16:28','2025-11-22 17:16:28'),
(35,21,'80.00','2025-11-22 17:16:28','tournament',24,1,'80.00','cash',0,NULL,'2025-11-22 17:16:28','2025-11-22 17:16:28'),
(36,22,'80.00','2025-11-22 17:16:28','tournament',25,1,'80.00','cash',0,NULL,'2025-11-22 17:16:28','2025-11-22 17:16:28'),
(37,23,'80.00','2025-11-22 17:16:28','tournament',26,0,'0.00',NULL,0,NULL,'2025-11-22 17:16:28','2025-11-22 17:16:28'),
(38,24,'80.00','2025-11-22 17:16:28','tournament',27,1,'80.00','cash',0,NULL,'2025-11-22 17:16:28','2025-11-22 17:16:28'),
(39,25,'80.00','2025-11-22 17:16:28','tournament',28,1,'80.00','cash',0,NULL,'2025-11-22 17:16:28','2025-11-22 17:16:28'),
(40,26,'80.00','2025-11-22 17:16:28','tournament',29,1,'80.00','cash',0,NULL,'2025-11-22 17:16:28','2025-11-22 17:16:28'),
(41,27,'80.00','2025-11-22 17:16:28','tournament',30,1,'80.00','cash',0,NULL,'2025-11-22 17:16:28','2025-11-22 17:16:28'),
(42,28,'188.00','2025-10-01 00:00:00','bar',NULL,0,'0.00',NULL,1,NULL,'2025-11-22 17:16:28','2025-11-22 17:16:28'),
(43,28,'98.00','2025-10-01 00:00:00','bar',NULL,0,'0.00',NULL,1,NULL,'2025-11-22 17:16:28','2025-11-22 17:16:28'),
(44,28,'237.00','2025-10-01 00:00:00','bar',NULL,0,'0.00',NULL,1,NULL,'2025-11-22 17:16:28','2025-11-22 17:16:28'),
(45,29,'285.00','2025-10-01 00:00:00','bar',NULL,0,'0.00',NULL,1,NULL,'2025-11-22 17:16:28','2025-11-22 17:16:28'),
(46,30,'201.00','2025-10-01 00:00:00','bar',NULL,0,'0.00',NULL,1,NULL,'2025-11-22 17:16:28','2025-11-22 17:16:28'),
(47,31,'137.00','2025-10-01 00:00:00','bar',NULL,0,'0.00',NULL,1,NULL,'2025-11-22 17:16:28','2025-11-22 17:16:28'),
(48,31,'51.00','2025-10-01 00:00:00','bar',NULL,0,'0.00',NULL,1,NULL,'2025-11-22 17:16:28','2025-11-22 17:16:28'),
(49,31,'82.00','2025-10-01 00:00:00','bar',NULL,0,'0.00',NULL,1,NULL,'2025-11-22 17:16:28','2025-11-22 17:16:28'),
(50,32,'224.00','2025-10-01 00:00:00','bar',NULL,0,'0.00',NULL,1,NULL,'2025-11-22 17:16:28','2025-11-22 17:16:28'),
(51,32,'68.00','2025-10-01 00:00:00','bar',NULL,0,'0.00',NULL,1,NULL,'2025-11-22 17:16:28','2025-11-22 17:16:28'),
(52,32,'296.00','2025-10-01 00:00:00','bar',NULL,0,'0.00',NULL,1,NULL,'2025-11-22 17:16:28','2025-11-22 17:16:28'),
(53,33,'191.00','2025-10-01 00:00:00','bar',NULL,0,'0.00',NULL,1,NULL,'2025-11-22 17:16:28','2025-11-22 17:16:28'),
(54,33,'111.00','2025-10-01 00:00:00','bar',NULL,0,'0.00',NULL,1,NULL,'2025-11-22 17:16:28','2025-11-22 17:16:28'),
(55,34,'41.00','2025-10-01 00:00:00','bar',NULL,0,'0.00',NULL,1,NULL,'2025-11-22 17:16:28','2025-11-22 17:16:28'),
(56,34,'138.00','2025-10-01 00:00:00','bar',NULL,0,'0.00',NULL,1,NULL,'2025-11-22 17:16:28','2025-11-22 17:16:28'),
(57,35,'56.00','2025-10-01 00:00:00','bar',NULL,0,'0.00',NULL,1,NULL,'2025-11-22 17:16:28','2025-11-22 17:16:28'),
(58,36,'170.00','2025-10-01 00:00:00','bar',NULL,0,'0.00',NULL,1,NULL,'2025-11-22 17:16:28','2025-11-22 17:16:28'),
(59,37,'232.00','2025-10-01 00:00:00','bar',NULL,0,'0.00',NULL,1,NULL,'2025-11-22 17:16:28','2025-11-22 17:16:28'),
(60,37,'50.00','2025-10-01 00:00:00','bar',NULL,0,'0.00',NULL,1,NULL,'2025-11-22 17:16:28','2025-11-22 17:16:28'),
(61,37,'52.00','2025-10-01 00:00:00','bar',NULL,0,'0.00',NULL,1,NULL,'2025-11-22 17:16:28','2025-11-22 17:16:28'),
(62,38,'143.00','2025-10-01 00:00:00','bar',NULL,0,'0.00',NULL,1,NULL,'2025-11-22 17:16:28','2025-11-22 17:16:28'),
(63,38,'257.00','2025-10-01 00:00:00','bar',NULL,0,'0.00',NULL,1,NULL,'2025-11-22 17:16:28','2025-11-22 17:16:28'),
(64,38,'52.00','2025-10-01 00:00:00','bar',NULL,0,'0.00',NULL,1,NULL,'2025-11-22 17:16:28','2025-11-22 17:16:28'),
(65,39,'84.00','2025-10-01 00:00:00','bar',NULL,0,'0.00',NULL,1,NULL,'2025-11-22 17:16:28','2025-11-22 17:16:28'),
(66,40,'261.00','2025-10-01 00:00:00','bar',NULL,0,'0.00',NULL,1,NULL,'2025-11-22 17:16:28','2025-11-22 17:16:28'),
(67,41,'265.00','2025-10-01 00:00:00','bar',NULL,0,'0.00',NULL,1,NULL,'2025-11-22 17:16:28','2025-11-22 17:16:28'),
(68,42,'255.00','2025-10-01 00:00:00','bar',NULL,0,'0.00',NULL,1,NULL,'2025-11-22 17:16:28','2025-11-22 17:16:28'),
(69,2,'1500.00','2025-11-22 20:14:56',NULL,NULL,0,'0.00',NULL,0,NULL,'2025-11-22 20:14:56','2025-11-22 20:14:56'),
(70,4,'1350.00','2025-11-22 20:14:56',NULL,NULL,0,'0.00',NULL,0,NULL,'2025-11-22 20:14:56','2025-11-22 20:14:56'),
(71,5,'1350.00','2025-11-22 20:14:56',NULL,NULL,0,'0.00',NULL,0,NULL,'2025-11-22 20:14:56','2025-11-22 20:14:56'),
(72,6,'1350.00','2025-11-22 20:14:56',NULL,NULL,0,'0.00',NULL,0,NULL,'2025-11-22 20:14:56','2025-11-22 20:14:56'),
(73,7,'1350.00','2025-11-22 20:14:56',NULL,NULL,0,'0.00',NULL,0,NULL,'2025-11-22 20:14:56','2025-11-22 20:14:56'),
(74,8,'820.00','2025-11-22 20:14:56',NULL,NULL,0,'0.00',NULL,0,NULL,'2025-11-22 20:14:56','2025-11-22 20:14:56'),
(75,9,'993.00','2025-11-22 20:14:56',NULL,NULL,0,'0.00',NULL,0,NULL,'2025-11-22 20:14:56','2025-11-22 20:14:56'),
(76,10,'1350.00','2025-11-22 20:14:56',NULL,NULL,0,'0.00',NULL,0,NULL,'2025-11-22 20:14:56','2025-11-22 20:14:56'),
(77,11,'1350.00','2025-11-22 20:14:56',NULL,NULL,0,'0.00',NULL,0,NULL,'2025-11-22 20:14:56','2025-11-22 20:14:56'),
(78,13,'855.00','2025-11-22 20:14:56',NULL,NULL,0,'0.00',NULL,0,NULL,'2025-11-22 20:14:56','2025-11-22 20:14:56'),
(79,14,'1500.00','2025-11-22 20:14:56',NULL,NULL,0,'0.00',NULL,0,NULL,'2025-11-22 20:14:56','2025-11-22 20:14:56'),
(80,15,'1350.00','2025-11-22 20:14:56',NULL,NULL,0,'0.00',NULL,0,NULL,'2025-11-22 20:14:56','2025-11-22 20:14:56'),
(81,16,'914.00','2025-11-22 20:14:56',NULL,NULL,0,'0.00',NULL,0,NULL,'2025-11-22 20:14:56','2025-11-22 20:14:56'),
(82,17,'1350.00','2025-11-22 20:14:56',NULL,NULL,0,'0.00',NULL,0,NULL,'2025-11-22 20:14:56','2025-11-22 20:14:56'),
(83,18,'1026.00','2025-11-22 20:14:56',NULL,NULL,0,'0.00',NULL,0,NULL,'2025-11-22 20:14:56','2025-11-22 20:14:56'),
(84,19,'1500.00','2025-11-22 20:14:56',NULL,NULL,0,'0.00',NULL,0,NULL,'2025-11-22 20:14:56','2025-11-22 20:14:56'),
(85,20,'1500.00','2025-11-22 20:14:56',NULL,NULL,0,'0.00',NULL,0,NULL,'2025-11-22 20:14:56','2025-11-22 20:14:56'),
(86,21,'1350.00','2025-11-22 20:14:56',NULL,NULL,0,'0.00',NULL,0,NULL,'2025-11-22 20:14:56','2025-11-22 20:14:56'),
(87,22,'1350.00','2025-11-22 20:14:56',NULL,NULL,0,'0.00',NULL,0,NULL,'2025-11-22 20:14:56','2025-11-22 20:14:56'),
(88,23,'1500.00','2025-11-22 20:14:56',NULL,NULL,0,'0.00',NULL,0,NULL,'2025-11-22 20:14:56','2025-11-22 20:14:56'),
(89,24,'1142.00','2025-11-22 20:14:56',NULL,NULL,0,'0.00',NULL,0,NULL,'2025-11-22 20:14:56','2025-11-22 20:14:56'),
(90,25,'872.00','2025-11-22 20:14:56',NULL,NULL,0,'0.00',NULL,0,NULL,'2025-11-22 20:14:56','2025-11-22 20:14:56'),
(91,26,'933.00','2025-11-22 20:14:56',NULL,NULL,0,'0.00',NULL,0,NULL,'2025-11-22 20:14:56','2025-11-22 20:14:56'),
(92,27,'1500.00','2025-11-22 20:14:56',NULL,NULL,0,'0.00',NULL,0,NULL,'2025-11-22 20:14:56','2025-11-22 20:14:56'),
(93,28,'1350.00','2025-11-22 20:14:56',NULL,NULL,0,'0.00',NULL,0,NULL,'2025-11-22 20:14:56','2025-11-22 20:14:56'),
(94,29,'1350.00','2025-11-22 20:14:56',NULL,NULL,0,'0.00',NULL,0,NULL,'2025-11-22 20:14:56','2025-11-22 20:14:56'),
(95,30,'1350.00','2025-11-22 20:14:56',NULL,NULL,0,'0.00',NULL,0,NULL,'2025-11-22 20:14:56','2025-11-22 20:14:56'),
(96,31,'1350.00','2025-11-22 20:14:56',NULL,NULL,0,'0.00',NULL,0,NULL,'2025-11-22 20:14:56','2025-11-22 20:14:56'),
(97,32,'1350.00','2025-11-22 20:14:56',NULL,NULL,0,'0.00',NULL,0,NULL,'2025-11-22 20:14:56','2025-11-22 20:14:56'),
(98,33,'1350.00','2025-11-22 20:14:56',NULL,NULL,0,'0.00',NULL,0,NULL,'2025-11-22 20:14:56','2025-11-22 20:14:56'),
(99,34,'1350.00','2025-11-22 20:14:56',NULL,NULL,0,'0.00',NULL,0,NULL,'2025-11-22 20:14:56','2025-11-22 20:14:56'),
(100,36,'999.00','2025-11-22 20:14:56',NULL,NULL,0,'0.00',NULL,0,NULL,'2025-11-22 20:14:56','2025-11-22 20:14:56'),
(101,38,'938.00','2025-11-22 20:14:56',NULL,NULL,0,'0.00',NULL,0,NULL,'2025-11-22 20:14:56','2025-11-22 20:14:56'),
(102,39,'1020.00','2025-11-22 20:14:56',NULL,NULL,0,'0.00',NULL,0,NULL,'2025-11-22 20:14:56','2025-11-22 20:14:56'),
(103,40,'1350.00','2025-11-22 20:14:56',NULL,NULL,0,'0.00',NULL,0,NULL,'2025-11-22 20:14:56','2025-11-22 20:14:56'),
(104,41,'1350.00','2025-11-22 20:14:56',NULL,NULL,0,'0.00',NULL,0,NULL,'2025-11-22 20:14:56','2025-11-22 20:14:56'),
(105,42,'1500.00','2025-11-22 20:14:56',NULL,NULL,0,'0.00',NULL,0,NULL,'2025-11-22 20:14:56','2025-11-22 20:14:56'),
(106,43,'1500.00','2025-11-22 20:14:56',NULL,NULL,0,'0.00',NULL,0,NULL,'2025-11-22 20:14:56','2025-11-22 20:14:56'),
(107,47,'1350.00','2025-11-22 20:14:56',NULL,NULL,0,'0.00',NULL,0,NULL,'2025-11-22 20:14:56','2025-11-22 20:14:56'),
(108,48,'1109.00','2025-11-22 20:14:56',NULL,NULL,0,'0.00',NULL,0,NULL,'2025-11-22 20:14:56','2025-11-22 20:14:56'),
(109,49,'1500.00','2025-11-22 20:14:56',NULL,NULL,0,'0.00',NULL,0,NULL,'2025-11-22 20:14:56','2025-11-22 20:14:56'),
(110,50,'1350.00','2025-11-22 20:14:56',NULL,NULL,0,'0.00',NULL,0,NULL,'2025-11-22 20:14:56','2025-11-22 20:14:56'),
(111,51,'744.00','2025-11-22 20:14:56',NULL,NULL,0,'0.00',NULL,0,NULL,'2025-11-22 20:14:56','2025-11-22 20:14:56'),
(112,1,'18.00','2025-11-23 12:08:49','tournament',81,1,'18.00','Efectivo',0,'Admin','2025-11-23 12:08:49','2025-11-23 12:08:49'),
(113,2,'20.00','2025-11-23 12:08:49','tournament',82,1,'20.00','Efectivo',0,'Admin','2025-11-23 12:08:49','2025-11-23 12:08:49'),
(114,3,'18.00','2025-11-23 12:08:49','tournament',83,0,'9.00',NULL,0,'Admin','2025-11-23 12:08:49','2025-11-23 12:08:49'),
(115,4,'18.00','2025-11-23 12:08:49','tournament',84,0,'9.00',NULL,0,'Admin','2025-11-23 12:08:49','2025-11-23 12:08:49'),
(116,5,'18.00','2025-11-23 12:08:49','tournament',85,1,'18.00','Efectivo',0,'Admin','2025-11-23 12:08:49','2025-11-23 12:08:49'),
(117,6,'18.00','2025-11-23 12:08:49','tournament',86,1,'18.00','Efectivo',0,'Admin','2025-11-23 12:08:49','2025-11-23 12:08:49'),
(118,7,'18.00','2025-11-23 12:08:49','tournament',87,1,'18.00','Efectivo',0,'Admin','2025-11-23 12:08:49','2025-11-23 12:08:49'),
(119,8,'18.00','2025-11-23 12:08:49','tournament',88,1,'18.00','Efectivo',0,'Admin','2025-11-23 12:08:49','2025-11-23 12:08:49'),
(120,9,'18.00','2025-11-23 12:08:50','tournament',89,0,'9.00',NULL,0,'Admin','2025-11-23 12:08:50','2025-11-23 12:08:50'),
(121,10,'18.00','2025-11-23 12:08:50','tournament',90,0,'9.00',NULL,0,'Admin','2025-11-23 12:08:50','2025-11-23 12:08:50'),
(122,11,'20.00','2025-11-23 12:08:50','tournament',91,1,'20.00','Efectivo',0,'Admin','2025-11-23 12:08:50','2025-11-23 12:08:50'),
(123,12,'18.00','2025-11-23 12:08:50','tournament',92,0,'9.00',NULL,0,'Admin','2025-11-23 12:08:50','2025-11-23 12:08:50'),
(124,13,'20.00','2025-11-23 12:08:50','tournament',93,0,'10.00',NULL,0,'Admin','2025-11-23 12:08:50','2025-11-23 12:08:50'),
(125,14,'18.00','2025-11-23 12:08:50','tournament',94,0,'0.00',NULL,0,'Admin','2025-11-23 12:08:50','2025-11-23 12:08:50'),
(126,15,'20.00','2025-11-23 12:08:50','tournament',95,1,'20.00','Efectivo',0,'Admin','2025-11-23 12:08:50','2025-11-23 12:08:50'),
(127,1,'18.00','2025-11-23 18:24:10','tournament',96,1,'18.00','Efectivo',0,'Admin','2025-11-23 18:24:10','2025-11-23 18:24:10'),
(128,2,'20.00','2025-11-23 18:24:10','tournament',97,0,'10.00',NULL,0,'Admin','2025-11-23 18:24:10','2025-11-23 18:24:10'),
(129,3,'20.00','2025-11-23 18:24:10','tournament',98,0,'10.00',NULL,0,'Admin','2025-11-23 18:24:10','2025-11-23 18:24:10'),
(130,4,'18.00','2025-11-23 18:24:10','tournament',99,0,'9.00',NULL,0,'Admin','2025-11-23 18:24:10','2025-11-23 18:24:10'),
(131,5,'20.00','2025-11-23 18:24:10','tournament',100,1,'20.00','Efectivo',0,'Admin','2025-11-23 18:24:10','2025-11-23 18:24:10'),
(132,6,'18.00','2025-11-23 18:24:10','tournament',101,0,'9.00',NULL,0,'Admin','2025-11-23 18:24:10','2025-11-23 18:24:10'),
(133,7,'18.00','2025-11-23 18:24:10','tournament',102,1,'18.00','Efectivo',0,'Admin','2025-11-23 18:24:10','2025-11-23 18:24:10'),
(134,8,'18.00','2025-11-23 18:24:10','tournament',103,1,'18.00','Efectivo',0,'Admin','2025-11-23 18:24:10','2025-11-23 18:24:10'),
(135,9,'18.00','2025-11-23 18:24:10','tournament',104,1,'18.00','Efectivo',0,'Admin','2025-11-23 18:24:10','2025-11-23 18:24:10'),
(136,10,'18.00','2025-11-23 18:24:10','tournament',105,0,'0.00',NULL,0,'Admin','2025-11-23 18:24:10','2025-11-23 18:24:10'),
(137,11,'18.00','2025-11-23 18:24:10','tournament',106,0,'0.00',NULL,0,'Admin','2025-11-23 18:24:10','2025-11-23 18:24:10'),
(138,12,'18.00','2025-11-23 18:24:10','tournament',107,0,'9.00',NULL,0,'Admin','2025-11-23 18:24:10','2025-11-23 18:24:10'),
(139,13,'18.00','2025-11-23 18:24:10','tournament',108,1,'18.00','Efectivo',0,'Admin','2025-11-23 18:24:10','2025-11-23 18:24:10'),
(140,14,'18.00','2025-11-23 18:24:10','tournament',109,1,'18.00','Efectivo',0,'Admin','2025-11-23 18:24:10','2025-11-23 18:24:10'),
(141,15,'18.00','2025-11-23 18:24:10','tournament',110,0,'9.00',NULL,0,'Admin','2025-11-23 18:24:10','2025-11-23 18:24:10'),
(142,1,'36.80','2025-11-23 19:40:28','commission',9,1,'36.80','commission',0,'admin','2025-11-23 19:40:28','2025-11-23 19:40:28'),
(143,6,'-33.86','2025-11-23 19:40:28','tournament_payout',NULL,1,'33.86','payout',0,'admin','2025-11-23 19:40:28','2025-11-23 19:40:28'),
(144,1,'36.80','2025-11-23 19:40:34','commission',9,1,'36.80','commission',0,'admin','2025-11-23 19:40:34','2025-11-23 19:40:34'),
(145,1,'36.80','2025-11-23 19:40:37','commission',9,1,'36.80','commission',0,'admin','2025-11-23 19:40:37','2025-11-23 19:40:37'),
(146,2,'10.00','2025-11-23 19:41:18','settlement',1,1,'10.00','efectivo|idemp:qp-1763926878662-74480|by:admin',0,'admin','2025-11-23 19:41:18','2025-11-23 19:41:18'),
(147,3,'19.00','2025-11-23 19:41:41','settlement',2,1,'19.00','efectivo|idemp:qp-1763926901590-54618|by:admin',0,'admin','2025-11-23 19:41:41','2025-11-23 19:41:41'),
(148,1,'36.80','2025-11-23 19:53:18','commission',9,1,'36.80','commission',0,'admin','2025-11-23 19:53:18','2025-11-23 19:53:18'),
(149,2,'-33.86','2025-11-23 19:53:18','tournament_payout',NULL,1,'33.86','payout',0,'admin','2025-11-23 19:53:18','2025-11-23 19:53:18'),
(150,1,'-25.02','2025-11-23 19:53:18','tournament_payout',NULL,1,'25.02','payout',0,'admin','2025-11-23 19:53:18','2025-11-23 19:53:18'),
(151,3,'-20.61','2025-11-23 19:53:18','tournament_payout',NULL,1,'20.61','payout',0,'admin','2025-11-23 19:53:18','2025-11-23 19:53:18'),
(152,4,'-16.19','2025-11-23 19:53:18','tournament_payout',NULL,1,'16.19','payout',0,'admin','2025-11-23 19:53:18','2025-11-23 19:53:18'),
(153,5,'-13.25','2025-11-23 19:53:18','tournament_payout',NULL,1,'13.25','payout',0,'admin','2025-11-23 19:53:18','2025-11-23 19:53:18'),
(154,1,'36.80','2025-11-23 19:53:22','commission',9,1,'36.80','commission',0,'admin','2025-11-23 19:53:22','2025-11-23 19:53:22'),
(155,1,'36.80','2025-11-23 19:54:16','commission',9,1,'36.80','commission',0,'admin','2025-11-23 19:54:16','2025-11-23 19:54:16'),
(156,1,'41.00','2025-11-25 20:18:28','commission',8,1,'41.00','commission',0,'dev-admin','2025-11-25 20:18:28','2025-11-25 20:18:28'),
(157,1,'18.00','2025-11-25 20:20:02','tournament',111,0,'0.00',NULL,0,'Admin','2025-11-25 20:20:02','2025-11-25 20:20:02'),
(158,2,'18.00','2025-11-25 20:20:02','tournament',112,1,'18.00','Efectivo',0,'Admin','2025-11-25 20:20:02','2025-11-25 20:20:02'),
(159,3,'18.00','2025-11-25 20:20:02','tournament',113,1,'18.00','Efectivo',0,'Admin','2025-11-25 20:20:02','2025-11-25 20:20:02'),
(160,4,'18.00','2025-11-25 20:20:02','tournament',114,1,'18.00','Efectivo',0,'Admin','2025-11-25 20:20:02','2025-11-25 20:20:02'),
(161,5,'18.00','2025-11-25 20:20:02','tournament',115,1,'18.00','Efectivo',0,'Admin','2025-11-25 20:20:02','2025-11-25 20:20:02'),
(162,6,'20.00','2025-11-25 20:20:02','tournament',116,1,'20.00','Efectivo',0,'Admin','2025-11-25 20:20:02','2025-11-25 20:20:02'),
(163,7,'18.00','2025-11-25 20:20:02','tournament',117,1,'18.00','Efectivo',0,'Admin','2025-11-25 20:20:02','2025-11-25 20:20:02'),
(164,8,'20.00','2025-11-25 20:20:02','tournament',118,1,'20.00','Efectivo',0,'Admin','2025-11-25 20:20:02','2025-11-25 20:20:02'),
(165,9,'20.00','2025-11-25 20:20:02','tournament',119,1,'20.00','Efectivo',0,'Admin','2025-11-25 20:20:02','2025-11-25 20:20:02'),
(166,10,'18.00','2025-11-25 20:20:02','tournament',120,1,'18.00','Efectivo',0,'Admin','2025-11-25 20:20:02','2025-11-25 20:20:02'),
(167,11,'18.00','2025-11-25 20:20:02','tournament',121,1,'18.00','Efectivo',0,'Admin','2025-11-25 20:20:02','2025-11-25 20:20:02'),
(168,12,'18.00','2025-11-25 20:20:02','tournament',122,1,'18.00','Efectivo',0,'Admin','2025-11-25 20:20:02','2025-11-25 20:20:02'),
(169,13,'20.00','2025-11-25 20:20:02','tournament',123,0,'10.00',NULL,0,'Admin','2025-11-25 20:20:02','2025-11-25 20:20:02'),
(170,14,'18.00','2025-11-25 20:20:02','tournament',124,0,'9.00',NULL,0,'Admin','2025-11-25 20:20:02','2025-11-25 20:20:02'),
(171,15,'18.00','2025-11-25 20:20:02','tournament',125,1,'18.00','Efectivo',0,'Admin','2025-11-25 20:20:02','2025-11-25 20:20:02'),
(172,1,'18.00','2025-11-25 20:20:12','tournament',126,1,'18.00','Efectivo',0,'Admin','2025-11-25 20:20:12','2025-11-25 20:20:12'),
(173,2,'18.00','2025-11-25 20:20:12','tournament',127,0,'0.00',NULL,0,'Admin','2025-11-25 20:20:12','2025-11-25 20:20:12'),
(174,3,'18.00','2025-11-25 20:20:12','tournament',128,1,'18.00','Efectivo',0,'Admin','2025-11-25 20:20:12','2025-11-25 20:20:12'),
(175,4,'18.00','2025-11-25 20:20:12','tournament',129,0,'0.00',NULL,0,'Admin','2025-11-25 20:20:12','2025-11-25 20:20:12'),
(176,5,'18.00','2025-11-25 20:20:12','tournament',130,1,'18.00','Efectivo',0,'Admin','2025-11-25 20:20:12','2025-11-25 20:20:12'),
(177,6,'18.00','2025-11-25 20:20:12','tournament',131,1,'18.00','Efectivo',0,'Admin','2025-11-25 20:20:12','2025-11-25 20:20:12'),
(178,7,'18.00','2025-11-25 20:20:12','tournament',132,1,'18.00','Efectivo',0,'Admin','2025-11-25 20:20:12','2025-11-25 20:20:12'),
(179,8,'18.00','2025-11-25 20:20:12','tournament',133,1,'18.00','Efectivo',0,'Admin','2025-11-25 20:20:12','2025-11-25 20:20:12'),
(180,9,'18.00','2025-11-25 20:20:12','tournament',134,0,'9.00',NULL,0,'Admin','2025-11-25 20:20:12','2025-11-25 20:20:12'),
(181,10,'18.00','2025-11-25 20:20:12','tournament',135,0,'9.00',NULL,0,'Admin','2025-11-25 20:20:12','2025-11-25 20:20:12'),
(182,11,'18.00','2025-11-25 20:20:12','tournament',136,1,'18.00','Efectivo',0,'Admin','2025-11-25 20:20:12','2025-11-25 20:20:12'),
(183,12,'18.00','2025-11-25 20:20:12','tournament',137,1,'18.00','Efectivo',0,'Admin','2025-11-25 20:20:12','2025-11-25 20:20:12'),
(184,13,'18.00','2025-11-25 20:20:12','tournament',138,0,'9.00',NULL,0,'Admin','2025-11-25 20:20:12','2025-11-25 20:20:12'),
(185,14,'20.00','2025-11-25 20:20:12','tournament',139,1,'20.00','Efectivo',0,'Admin','2025-11-25 20:20:12','2025-11-25 20:20:12'),
(186,15,'18.00','2025-11-25 20:20:12','tournament',140,0,'9.00',NULL,0,'Admin','2025-11-25 20:20:12','2025-11-25 20:20:12'),
(187,1,'48.20','2025-11-25 20:21:47','commission',10,1,'48.20','commission',0,'admin','2025-11-25 20:21:47','2025-11-25 20:21:47'),
(188,1,'48.20','2025-11-25 20:21:49','commission',10,1,'48.20','commission',0,'admin','2025-11-25 20:21:49','2025-11-25 20:21:49'),
(189,1,'40.00','2025-11-25 20:22:54','commission',11,1,'40.00','commission',0,'admin','2025-11-25 20:22:54','2025-11-25 20:22:54'),
(190,4,'-17.60','2025-11-25 20:22:54','tournament_payout',NULL,1,'17.60','payout',0,'admin','2025-11-25 20:22:54','2025-11-25 20:22:54');

DROP TABLE IF EXISTS `players`;
CREATE TABLE `players` (
  `id` int unsigned NOT NULL AUTO_INCREMENT,
  `first_name` varchar(50) COLLATE utf8mb4_unicode_ci NOT NULL DEFAULT '',
  `last_name` varchar(50) COLLATE utf8mb4_unicode_ci NOT NULL DEFAULT '',
  `email` varchar(100) COLLATE utf8mb4_unicode_ci NOT NULL DEFAULT '',
  `phone_number` varchar(20) COLLATE utf8mb4_unicode_ci DEFAULT NULL,
  `nickname` varchar(50) COLLATE utf8mb4_unicode_ci DEFAULT NULL,
  `created_at` datetime NOT NULL,
  `current_points` int DEFAULT '0',
  `suspended` tinyint(1) NOT NULL DEFAULT '0',
  `is_deleted` tinyint(1) NOT NULL DEFAULT '0',
  PRIMARY KEY (`id`)
) ENGINE=InnoDB DEFAULT CHARSET=utf8mb4 COLLATE=utf8mb4_unicode_ci;


DROP TABLE IF EXISTS `ranking_history`;
CREATE TABLE `ranking_history` (
  `id` int unsigned NOT NULL AUTO_INCREMENT,
  `fecha` date NOT NULL,
  `user_id` int unsigned NOT NULL,
  `season_id` int unsigned NOT NULL,
  `posicion` int NOT NULL,
  `puntos_acumulados` int NOT NULL,
  `torneos_jugados` int NOT NULL DEFAULT '0',
  PRIMARY KEY (`id`)
) ENGINE=InnoDB DEFAULT CHARSET=utf8mb4 COLLATE=utf8mb4_unicode_ci;


DROP TABLE IF EXISTS `registrations`;
CREATE TABLE `registrations` (
  `id` int unsigned NOT NULL AUTO_INCREMENT,
  `user_id` int unsigned NOT NULL,
  `tournament_id` int unsigned NOT NULL,
  `registration_date` datetime NOT NULL,
  `punctuality` tinyint(1) NOT NULL,
  `position` int unsigned DEFAULT NULL,
  `action_type` tinyint unsigned NOT NULL DEFAULT '1',
  PRIMARY KEY (`id`),
  KEY `user_id` (`user_id`),
  KEY `tournament_id` (`tournament_id`),
  CONSTRAINT `registrations_ibfk_1` FOREIGN KEY (`user_id`) REFERENCES `users` (`id`),
  CONSTRAINT `registrations_ibfk_2` FOREIGN KEY (`tournament_id`) REFERENCES `tournaments` (`id`)
) ENGINE=InnoDB AUTO_INCREMENT=141 DEFAULT CHARSET=utf8mb4 COLLATE=utf8mb4_unicode_ci;

INSERT INTO `registrations` (`id`,`user_id`,`tournament_id`,`registration_date`,`punctuality`,`position`,`action_type`) VALUES
(1,2,1,'2025-11-16 00:45:54',1,NULL,1),
(2,3,2,'2025-11-16 00:45:54',0,NULL,1),
(3,1,1,'2025-11-16 00:45:55',1,NULL,1),
(4,1,1,'2025-11-16 00:45:55',1,NULL,1),
(5,4,3,'2025-11-16 00:45:56',1,NULL,1),
(6,4,3,'2025-11-16 00:45:56',1,NULL,1),
(7,5,4,'2025-11-16 00:45:56',1,NULL,1),
(8,6,4,'2025-11-16 00:45:56',1,NULL,1),
(9,7,4,'2025-11-16 00:45:56',1,NULL,1),
(10,1,4,'2025-11-16 00:45:57',1,NULL,1),
(11,8,5,'2025-11-22 17:16:28',1,NULL,1),
(12,9,5,'2025-11-22 17:16:28',1,NULL,1),
(13,10,5,'2025-11-22 17:16:28',1,NULL,1),
(14,11,5,'2025-11-22 17:16:28',1,NULL,1),
(15,12,5,'2025-11-22 17:16:28',1,NULL,1),
(16,13,5,'2025-11-22 17:16:28',1,NULL,1),
(17,14,5,'2025-11-22 17:16:28',1,NULL,1),
(18,15,5,'2025-11-22 17:16:28',1,NULL,1),
(19,16,5,'2025-11-22 17:16:28',1,NULL,1),
(20,17,5,'2025-11-22 17:16:28',1,NULL,1),
(21,18,5,'2025-11-22 17:16:28',1,NULL,1),
(22,19,5,'2025-11-22 17:16:28',1,NULL,1),
(23,20,5,'2025-11-22 17:16:28',1,NULL,1),
(24,21,5,'2025-11-22 17:16:28',1,NULL,1),
(25,22,5,'2025-11-22 17:16:28',1,NULL,1),
(26,23,5,'2025-11-22 17:16:28',1,NULL,1),
(27,24,5,'2025-11-22 17:16:28',1,NULL,1),
(28,25,5,'2025-11-22 17:16:28',1,NULL,1),
(29,26,5,'2025-11-22 17:16:28',1,NULL,1),
(30,27,5,'2025-11-22 17:16:28',1,NULL,1),
(31,2,6,'2025-11-22 20:14:55',0,NULL,1),
(32,3,6,'2025-11-22 20:14:55',1,NULL,1),
(33,4,6,'2025-11-22 20:14:55',1,NULL,1),
(34,5,6,'2025-11-22 20:14:56',1,NULL,1),
(35,6,6,'2025-11-22 20:14:56',1,NULL,1),
(36,7,6,'2025-11-22 20:14:56',1,NULL,1),
(37,8,6,'2025-11-22 20:14:56',1,NULL,1),
(38,9,6,'2025-11-22 20:14:56',1,NULL,1),
(39,10,6,'2025-11-22 20:14:56',1,NULL,1),
(40,11,6,'2025-11-22 20:14:56',1,NULL,1),
(41,12,6,'2025-11-22 20:14:56',1,NULL,1),
(42,13,6,'2025-11-22 20:14:56',1,NULL,1),
(43,14,6,'2025-11-22 20:14:56',0,NULL,1),
(44,15,6,'2025-11-22 20:14:56',1,NULL,1),
(45,16,6,'2025-11-22 20:14:56',1,NULL,1),
(46,17,6,'2025-11-22 20:14:56',1,NULL,1),
(47,18,6,'2025-11-22 20:14:56',1,NULL,1),
(48,19,6,'2025-11-22 20:14:56',0,NULL,1),
(49,20,6,'2025-11-22 20:14:56',0,NULL,1),
(50,21,6,'2025-11-22 20:14:56',1,NULL,1),
(51,22,6,'2025-11-22 20:14:56',1,NULL,1),
(52,23,6,'2025-11-22 20:14:56',0,NULL,1),
(53,24,6,'2025-11-22 20:14:56',1,NULL,1),
(54,25,6,'2025-11-22 20:14:56',1,NULL,1),
(55,26,6,'2025-11-22 20:14:56',1,NULL,1),
(56,27,6,'2025-11-22 20:14:56',0,NULL,1),
(57,28,6,'2025-11-22 20:14:56',1,NULL,1),
(58,29,6,'2025-11-22 20:14:56',1,NULL,1),
(59,30,6,'2025-11-22 20:14:56',1,NULL,1),
(60,31,6,'2025-11-22 20:14:56',1,NULL,1),
(61,32,6,'2025-11-22 20:14:56',1,NULL,1),
(62,33,6,'2025-11-22 20:14:56',1,NULL,1),
(63,34,6,'2025-11-22 20:14:56',1,NULL,1),
(64,35,6,'2025-11-22 20:14:56',1,NULL,1),
(65,36,6,'2025-11-22 20:14:56',0,NULL,1),
(66,37,6,'2025-11-22 20:14:56',1,NULL,1),
(67,38,6,'2025-11-22 20:14:56',1,NULL,1),
(68,39,6,'2025-11-22 20:14:56',1,NULL,1),
(69,40,6,'2025-11-22 20:14:56',1,NULL,1),
(70,41,6,'2025-11-22 20:14:56',1,NULL,1),
(71,42,6,'2025-11-22 20:14:56',0,NULL,1),
(72,43,6,'2025-11-22 20:14:56',0,NULL,1),
(73,44,6,'2025-11-22 20:14:56',1,NULL,1),
(74,45,6,'2025-11-22 20:14:56',0,NULL,1),
(75,46,6,'2025-11-22 20:14:56',0,NULL,1),
(76,47,6,'2025-11-22 20:14:56',1,NULL,1),
(77,48,6,'2025-11-22 20:14:56',1,NULL,1),
(78,49,6,'2025-11-22 20:14:56',0,NULL,1),
(79,50,6,'2025-11-22 20:14:56',1,NULL,1),
(80,51,6,'2025-11-22 20:14:56',1,NULL,1),
(81,1,8,'2025-11-23 12:08:49',1,NULL,2),
(82,2,8,'2025-11-23 12:08:49',0,NULL,1),
(83,3,8,'2025-11-23 12:08:49',1,NULL,1),
(84,4,8,'2025-11-23 12:08:49',1,NULL,1),
(85,5,8,'2025-11-23 12:08:49',1,NULL,1),
(86,6,8,'2025-11-23 12:08:49',1,NULL,2),
(87,7,8,'2025-11-23 12:08:49',1,NULL,1),
(88,8,8,'2025-11-23 12:08:49',1,NULL,1),
(89,9,8,'2025-11-23 12:08:50',1,NULL,1),
(90,10,8,'2025-11-23 12:08:50',1,NULL,2),
(91,11,8,'2025-11-23 12:08:50',0,NULL,2),
(92,12,8,'2025-11-23 12:08:50',1,NULL,3),
(93,13,8,'2025-11-23 12:08:50',0,NULL,1),
(94,14,8,'2025-11-23 12:08:50',1,NULL,2),
(95,15,8,'2025-11-23 12:08:50',0,NULL,1),
(96,1,9,'2025-11-23 18:24:10',1,2,1),
(97,2,9,'2025-11-23 18:24:10',0,1,1),
(98,3,9,'2025-11-23 18:24:10',0,3,1),
(99,4,9,'2025-11-23 18:24:10',1,4,1),
(100,5,9,'2025-11-23 18:24:10',0,5,1),
(101,6,9,'2025-11-23 18:24:10',1,0,2),
(102,7,9,'2025-11-23 18:24:10',1,0,2),
(103,8,9,'2025-11-23 18:24:10',1,0,3),
(104,9,9,'2025-11-23 18:24:10',1,0,3),
(105,10,9,'2025-11-23 18:24:10',1,0,2),
(106,11,9,'2025-11-23 18:24:10',1,0,2),
(107,12,9,'2025-11-23 18:24:10',1,0,1),
(108,13,9,'2025-11-23 18:24:10',1,0,1),
(109,14,9,'2025-11-23 18:24:10',1,0,1),
(110,15,9,'2025-11-23 18:24:10',1,0,1),
(111,1,10,'2025-11-25 20:20:02',1,NULL,3),
(112,2,10,'2025-11-25 20:20:02',1,NULL,1),
(113,3,10,'2025-11-25 20:20:02',1,NULL,1),
(114,4,10,'2025-11-25 20:20:02',1,NULL,2),
(115,5,10,'2025-11-25 20:20:02',1,NULL,1),
(116,6,10,'2025-11-25 20:20:02',0,NULL,2),
(117,7,10,'2025-11-25 20:20:02',1,NULL,3),
(118,8,10,'2025-11-25 20:20:02',0,NULL,1),
(119,9,10,'2025-11-25 20:20:02',0,NULL,1),
(120,10,10,'2025-11-25 20:20:02',1,NULL,1),
(121,11,10,'2025-11-25 20:20:02',1,NULL,2),
(122,12,10,'2025-11-25 20:20:02',1,NULL,2),
(123,13,10,'2025-11-25 20:20:02',0,NULL,1),
(124,14,10,'2025-11-25 20:20:02',1,NULL,1),
(125,15,10,'2025-11-25 20:20:02',1,NULL,3),
(126,1,11,'2025-11-25 20:20:12',1,0,1),
(127,2,11,'2025-11-25 20:20:12',1,4,1),
(128,3,11,'2025-11-25 20:20:12',1,4,2),
(129,4,11,'2025-11-25 20:20:12',1,4,2),
(130,5,11,'2025-11-25 20:20:12',1,0,2),
(131,6,11,'2025-11-25 20:20:12',1,0,2),
(132,7,11,'2025-11-25 20:20:12',1,0,1),
(133,8,11,'2025-11-25 20:20:12',1,0,1),
(134,9,11,'2025-11-25 20:20:12',1,0,1),
(135,10,11,'2025-11-25 20:20:12',1,0,1),
(136,11,11,'2025-11-25 20:20:12',1,0,1),
(137,12,11,'2025-11-25 20:20:12',1,0,1),
(138,13,11,'2025-11-25 20:20:12',1,0,2),
(139,14,11,'2025-11-25 20:20:12',0,0,1),
(140,15,11,'2025-11-25 20:20:12',1,0,2);

DROP TABLE IF EXISTS `results`;
CREATE TABLE `results` (
  `id` int unsigned NOT NULL AUTO_INCREMENT,
  `tournament_id` int unsigned NOT NULL,
  `user_id` int unsigned NOT NULL,
  `position` int NOT NULL,
  `final_table` tinyint(1) NOT NULL DEFAULT '0',
  PRIMARY KEY (`id`),
  KEY `tournament_id` (`tournament_id`),
  KEY `user_id` (`user_id`),
  CONSTRAINT `results_ibfk_1` FOREIGN KEY (`tournament_id`) REFERENCES `tournaments` (`id`),
  CONSTRAINT `results_ibfk_2` FOREIGN KEY (`user_id`) REFERENCES `users` (`id`)
) ENGINE=InnoDB AUTO_INCREMENT=27 DEFAULT CHARSET=utf8mb4 COLLATE=utf8mb4_unicode_ci;

INSERT INTO `results` (`id`,`tournament_id`,`user_id`,`position`,`final_table`) VALUES
(1,6,2,1,1),
(2,6,3,2,1),
(3,6,4,3,1),
(4,6,5,4,1),
(5,6,6,5,1),
(6,6,7,6,1),
(7,6,8,7,1),
(8,6,9,8,1),
(9,6,10,9,1),
(10,6,11,10,0),
(11,6,12,11,0),
(12,6,13,12,0),
(13,6,14,13,0),
(14,6,15,14,0),
(15,6,16,15,0),
(16,6,17,16,0),
(17,6,18,17,0),
(18,6,19,18,0),
(19,6,20,19,0),
(20,6,21,20,0),
(21,9,2,1,1),
(22,9,1,2,1),
(23,9,3,3,1),
(24,9,4,4,1),
(25,9,5,5,1),
(26,11,4,4,1);

DROP TABLE IF EXISTS `seasons`;
CREATE TABLE `seasons` (
  `id` int unsigned NOT NULL AUTO_INCREMENT,
  `nombre` varchar(50) COLLATE utf8mb4_unicode_ci NOT NULL,
  `descripcion` text COLLATE utf8mb4_unicode_ci,
  `fecha_inicio` date NOT NULL,
  `fecha_fin` date NOT NULL,
  `torneos_totales` int unsigned NOT NULL DEFAULT '0',
  `torneos_jugados` int unsigned NOT NULL DEFAULT '0',
  `estado` enum('planificada','activa','finalizada') COLLATE utf8mb4_unicode_ci NOT NULL DEFAULT 'planificada',
  `createdAt` datetime NOT NULL,
  `updatedAt` datetime NOT NULL,
  PRIMARY KEY (`id`)
) ENGINE=InnoDB AUTO_INCREMENT=5 DEFAULT CHARSET=utf8mb4 COLLATE=utf8mb4_unicode_ci;

INSERT INTO `seasons` (`id`,`nombre`,`descripcion`,`fecha_inicio`,`fecha_fin`,`torneos_totales`,`torneos_jugados`,`estado`,`createdAt`,`updatedAt`) VALUES
(1,'♠️ Pica','Primera temporada del año - Ranking Pica','2025-01-01','2025-03-31',12,0,'activa','2025-11-27 21:59:15','2025-11-27 21:59:15'),
(2,'♦️ Diamante','Segunda temporada del año - Ranking Diamante','2025-04-01','2025-06-30',12,0,'planificada','2025-11-27 21:59:15','2025-11-27 21:59:15'),
(3,'♥️ Corazón','Tercera temporada del año - Ranking Corazón','2025-07-01','2025-09-30',12,0,'planificada','2025-11-27 21:59:15','2025-11-27 21:59:15'),
(4,'♣️ Trébol','Cuarta temporada del año - Ranking Trébol','2025-10-01','2025-12-31',12,0,'planificada','2025-11-27 21:59:15','2025-11-27 21:59:15');

DROP TABLE IF EXISTS `settings`;
CREATE TABLE `settings` (
  `id` int unsigned NOT NULL AUTO_INCREMENT,
  `key` varchar(100) COLLATE utf8mb4_unicode_ci NOT NULL,
  `value` text COLLATE utf8mb4_unicode_ci NOT NULL,
  `description` varchar(255) COLLATE utf8mb4_unicode_ci DEFAULT NULL,
  `updated_at` datetime NOT NULL,
  PRIMARY KEY (`id`),
  UNIQUE KEY `key` (`key`),
  UNIQUE KEY `key_2` (`key`)
) ENGINE=InnoDB AUTO_INCREMENT=6 DEFAULT CHARSET=utf8mb4 COLLATE=utf8mb4_unicode_ci;

INSERT INTO `settings` (`id`,`key`,`value`,`description`,`updated_at`) VALUES
(1,'commission_total_pct','20','Porcentaje total de comisión sobre el pozo','2025-11-22 21:26:20'),
(2,'commission_quarterly_pct','1','Porcentaje para ranking trimestral','2025-11-22 21:26:20'),
(3,'commission_monthly_pct','1','Porcentaje para especial del mes','2025-11-22 21:26:20'),
(4,'commission_copa_pct','1','Porcentaje para Copa Don Humberto','2025-11-22 21:26:20'),
(5,'commission_house_pct','17','Porcentaje para la casa','2025-11-22 21:26:20');

DROP TABLE IF EXISTS `tournament_points`;
CREATE TABLE `tournament_points` (
  `id` int unsigned NOT NULL AUTO_INCREMENT,
  `tournament_id` int unsigned NOT NULL,
  `position` int NOT NULL,
  `points` int NOT NULL,
  PRIMARY KEY (`id`)
) ENGINE=InnoDB DEFAULT CHARSET=utf8mb4 COLLATE=utf8mb4_unicode_ci;


DROP TABLE IF EXISTS `tournaments`;
CREATE TABLE `tournaments` (
  `id` int unsigned NOT NULL AUTO_INCREMENT,
  `tournament_name` varchar(255) COLLATE utf8mb4_unicode_ci NOT NULL,
  `start_date` datetime NOT NULL,
  `buy_in` decimal(15,2) NOT NULL,
  `re_entry` int NOT NULL DEFAULT '0',
  `knockout_bounty` decimal(15,2) NOT NULL DEFAULT '0.00',
  `starting_stack` int NOT NULL DEFAULT '1000',
  `count_to_ranking` tinyint(1) NOT NULL DEFAULT '0',
  `double_points` tinyint(1) NOT NULL DEFAULT '0',
  `blind_levels` int NOT NULL DEFAULT '10',
  `small_blind` int NOT NULL DEFAULT '10',
  `punctuality_discount` decimal(10,2) NOT NULL DEFAULT '0.00',
  `registration_open` tinyint(1) NOT NULL DEFAULT '1',
  `end_date` datetime DEFAULT NULL,
  `pinned` tinyint(1) NOT NULL DEFAULT '0' COMMENT 'Torneo destacado en dashboard principal',
  `season_id` int unsigned DEFAULT NULL COMMENT 'ID de la temporada (seasons table)',
  PRIMARY KEY (`id`),
  KEY `idx_tournaments_pinned` (`pinned`),
  KEY `idx_tournaments_season` (`season_id`),
  CONSTRAINT `fk_tournaments_season` FOREIGN KEY (`season_id`) REFERENCES `seasons` (`id`) ON DELETE SET NULL
) ENGINE=InnoDB AUTO_INCREMENT=27 DEFAULT CHARSET=utf8mb4 COLLATE=utf8mb4_unicode_ci;

INSERT INTO `tournaments` (`id`,`tournament_name`,`start_date`,`buy_in`,`re_entry`,`knockout_bounty`,`starting_stack`,`count_to_ranking`,`double_points`,`blind_levels`,`small_blind`,`punctuality_discount`,`registration_open`,`end_date`,`pinned`,`season_id`) VALUES
(1,'T1','2025-11-16 01:45:54','100.00',0,'0.00',1000,0,0,10,10,'20.00',1,NULL,0,NULL),
(2,'T2','2025-11-15 23:45:54','200.00',0,'0.00',1000,0,0,10,10,'0.00',1,NULL,0,NULL),
(3,'QP Test','2025-11-16 00:45:56','100.00',0,'0.00',1000,0,0,10,10,'0.00',1,NULL,0,NULL),
(4,'Demo Torneo','2025-11-16 01:45:56','100.00',0,'0.00',1000,0,0,10,10,'20.00',0,'2025-11-16 00:45:57',0,NULL),
(5,'Seeded Today Tournament','2025-11-15 19:00:00','80.00',0,'0.00',1000,0,0,10,10,'0.00',1,NULL,0,NULL),
(6,'Torneo Demo Completo - 22/11/2025','2025-11-22 19:00:00','1500.00',2,'300.00',15000,1,0,10,50,'10.00',1,NULL,0,NULL),
(7,'hoyhoy','2025-11-23 00:00:00','1000.00',1000,'55555.00',200,1,0,8,100,'0.00',1,NULL,0,NULL),
(8,'Torneo Test - 23/11/2025','2025-11-23 19:00:00','20.00',1,'5.00',20000,1,0,15,25,'2.00',0,'2025-11-25 20:18:28',0,NULL),
(9,'Torneo Test - 23/11/2025','2025-11-23 19:00:00','20.00',1,'5.00',20000,1,0,15,25,'2.00',0,'2025-11-23 19:54:16',0,NULL),
(10,'Torneo Test - 25/11/2025','2025-11-25 19:00:00','20.00',1,'5.00',20000,1,0,15,25,'2.00',0,'2025-11-25 20:21:49',0,NULL),
(11,'Torneo Test - 25/11/2025','2025-11-25 19:00:00','20.00',1,'5.00',20000,1,0,15,25,'2.00',0,'2025-11-25 20:22:54',0,NULL),
(12,'🏆 TORNEO ESPECIAL DE FIN DE MES','2025-11-30 10:16:09','50.00',1,'10.00',30000,1,1,20,25,'5.00',1,NULL,1,NULL),
(13,'💎 CAMPEONATO CLASIFICATORIO','2025-12-02 10:16:09','100.00',0,'20.00',50000,1,1,25,50,'10.00',1,NULL,1,NULL),
(14,'⭐ TORNEO DEL VIERNES','2025-11-29 10:16:09','30.00',1,'5.00',25000,1,0,18,25,'3.00',1,NULL,1,NULL),
(15,'🎯 BOUNTY KNOCKOUT ESPECIAL','2025-12-04 10:16:09','40.00',1,'15.00',20000,1,0,15,25,'5.00',1,NULL,1,NULL),
(16,'🔥 MEGA TORNEO MENSUAL','2025-12-07 10:16:09','150.00',0,'30.00',60000,1,1,30,50,'15.00',1,NULL,1,NULL),
(17,'Torneo Miércoles Noche','2025-11-27 08:16:09','25.00',1,'5.00',20000,1,0,15,25,'2.00',0,NULL,0,NULL),
(18,'Speed Poker','2025-11-27 09:46:09','15.00',1,'3.00',15000,1,0,10,25,'1.00',0,NULL,0,NULL),
(19,'Torneo Sábado','2025-12-01 10:16:09','30.00',1,'5.00',25000,1,0,18,25,'3.00',1,NULL,0,NULL),
(20,'Domingo de Poker','2025-12-02 10:16:09','20.00',1,'5.00',20000,1,0,15,25,'2.00',1,NULL,0,NULL),
(21,'Martes Turbo','2025-12-03 10:16:09','15.00',1,'3.00',15000,1,0,12,25,'2.00',1,NULL,0,NULL),
(22,'Jueves Clásico','2025-12-05 10:16:09','25.00',1,'5.00',20000,1,0,15,25,'2.00',1,NULL,0,NULL),
(23,'Viernes Freezeout','2025-12-06 10:16:09','40.00',0,'0.00',30000,1,0,20,50,'5.00',1,NULL,0,NULL),
(24,'Sábado Bounty','2025-12-08 10:16:09','35.00',1,'10.00',25000,1,0,18,25,'3.00',1,NULL,0,NULL),
(25,'Domingo Deep Stack','2025-12-09 10:16:09','50.00',1,'10.00',40000,1,1,25,50,'5.00',1,NULL,0,NULL),
(26,'Lunes Rebuy','2025-12-10 10:16:09','20.00',1,'5.00',20000,1,0,15,25,'2.00',1,NULL,0,NULL);

DROP TABLE IF EXISTS `users`;
CREATE TABLE `users` (
  `id` int unsigned NOT NULL AUTO_INCREMENT,
  `username` varchar(50) COLLATE utf8mb4_unicode_ci NOT NULL,
  `password_hash` varchar(255) COLLATE utf8mb4_unicode_ci NOT NULL,
  `full_name` varchar(100) COLLATE utf8mb4_unicode_ci DEFAULT NULL,
  `first_name` varchar(50) COLLATE utf8mb4_unicode_ci NOT NULL DEFAULT '',
  `last_name` varchar(50) COLLATE utf8mb4_unicode_ci NOT NULL DEFAULT '',
  `email` varchar(100) COLLATE utf8mb4_unicode_ci DEFAULT NULL,
  `phone_number` varchar(20) COLLATE utf8mb4_unicode_ci DEFAULT NULL,
  `nickname` varchar(50) COLLATE utf8mb4_unicode_ci DEFAULT NULL,
  `current_points` int DEFAULT '0',
  `suspended` tinyint(1) NOT NULL DEFAULT '0',
  `is_deleted` tinyint(1) NOT NULL DEFAULT '0',
  `avatar` varchar(255) COLLATE utf8mb4_unicode_ci DEFAULT NULL COMMENT 'URL o path del avatar',
  `role` enum('admin','user') COLLATE utf8mb4_unicode_ci NOT NULL DEFAULT 'user',
  `is_player` tinyint(1) NOT NULL DEFAULT '0',
  `createdAt` datetime NOT NULL,
  `updatedAt` datetime NOT NULL,
  PRIMARY KEY (`id`),
  UNIQUE KEY `username` (`username`)
) ENGINE=InnoDB AUTO_INCREMENT=63 DEFAULT CHARSET=utf8mb4 COLLATE=utf8mb4_unicode_ci;

INSERT INTO `users` (`id`,`username`,`password_hash`,`full_name`,`first_name`,`last_name`,`email`,`phone_number`,`nickname`,`current_points`,`suspended`,`is_deleted`,`avatar`,`role`,`is_player`,`createdAt`,`updatedAt`) VALUES
(1,'admin','$2b$10$R/1ej7oS0CBEX7hc/zwtjOsoTflWA0kqrKDtWJTLuMre8Rm9QA.jS',NULL,'','',NULL,NULL,NULL,0,0,0,NULL,'admin',0,'2025-11-16 00:45:54','2025-11-16 14:26:33'),
(2,'player1','x',NULL,'','',NULL,NULL,NULL,1100,0,0,NULL,'user',1,'2025-11-16 00:45:54','2025-11-22 20:14:56'),
(3,'player2','x',NULL,'','',NULL,NULL,NULL,900,0,0,NULL,'user',1,'2025-11-16 00:45:54','2025-11-22 20:14:56'),
(4,'qp_user','x',NULL,'','',NULL,NULL,NULL,750,0,0,NULL,'user',1,'2025-11-16 00:45:56','2025-11-22 20:14:56'),
(5,'demo_p1','x','Jugador 1','','',NULL,NULL,NULL,600,0,0,NULL,'user',1,'2025-11-16 00:45:56','2025-11-22 20:14:56'),
(6,'demo_p2','x','Jugador 2','','',NULL,NULL,NULL,500,0,0,NULL,'user',1,'2025-11-16 00:45:56','2025-11-22 20:14:56'),
(7,'demo_p3','x','Jugador 3','','',NULL,NULL,NULL,450,0,0,NULL,'user',1,'2025-11-16 00:45:56','2025-11-22 20:14:56'),
(8,'seed_user_001','$2b$08$aBBxv5SGaCEtfHoSIUfYT.X/fVGb8oLWy2K0BmbHKlbtNqHbzUslS','Alejandro García','Alejandro','García','alejandro.garcia@example.com','692856898','alejandro.garca',865,0,0,NULL,'user',1,'2025-11-22 17:16:25','2025-11-22 20:14:56'),
(9,'seed_user_002','$2b$08$0xy3PkyquDNxlMYMtU77yOm9L5AMRfEOgri/FX1CqQvcLrJCG8cB2','María Fernández','María','Fernández','maria.fernandez@example.com','610290241','mara.fernndez',753,0,0,NULL,'user',1,'2025-11-22 17:16:25','2025-11-22 20:14:56'),
(10,'seed_user_003','$2b$08$iur/1gL9.XgIAznyvXKhl.X7a88/e8f8Hy0JlWGGuLLrJIH7q4oTa','Carlos González','Carlos','González','carlos.gonzalez@example.com','635134902','carlos.gonzlez',590,0,0,NULL,'user',1,'2025-11-22 17:16:25','2025-11-22 20:14:56'),
(11,'seed_user_004','$2b$08$DmrcIt2AJp//reUYdOVJjOaPdAd4PIDCNFqTRNiTi6/7zYmr./wrW','Lucía Rodríguez','Lucía','Rodríguez','lucia.rodriguez@example.com','666145151','luca.rodrguez',370,0,0,NULL,'user',1,'2025-11-22 17:16:25','2025-11-22 20:14:56'),
(12,'seed_user_005','$2b$08$8B8sf37raAzCPCibB/9oIeuwgvjK8nhwikdpQSjwZSloZ1GcNE.wq','Diego López','Diego','López','diego.lopez@example.com','635067537','diego.lpez',861,0,0,NULL,'user',1,'2025-11-22 17:16:25','2025-11-22 20:14:56'),
(13,'seed_user_006','$2b$08$HVKRlhc5uIyD3.A8b0S5YuR9wuF6kF5ayPBb1UseJpNX.7BJeoouy','Sofía Martínez','Sofía','Martínez','sofia.martinez@example.com','676031029','sofa.martnez',457,0,0,NULL,'user',1,'2025-11-22 17:16:26','2025-11-22 20:14:56'),
(14,'seed_user_007','$2b$08$mv6l6DaqY0YmDSyvlWIHH.CppZ38dYHlZUN6BHrOEFNC3oDRwH3zi','Mateo Sánchez','Mateo','Sánchez','mateo.sanchez@example.com','698112959','mateo.snchez',844,0,0,NULL,'user',1,'2025-11-22 17:16:26','2025-11-22 20:14:56'),
(15,'seed_user_008','$2b$08$MK1833MkcVZf2bur1I5u/uBidloL0c0Ak/4wy/fO1g/tlpvyXPhDe','Valentina Pérez','Valentina','Pérez','valentina.perez@example.com','663654731','valentina.prez',602,0,0,NULL,'user',1,'2025-11-22 17:16:26','2025-11-22 20:14:56'),
(16,'seed_user_009','$2b$08$j/AgKZ.7opj3hxZRLWICBefC5DhHfUxHYPBFjbYTvgP72I4p5GxJu','Javier Gómez','Javier','Gómez','javier.gomez@example.com','667539515','javier.gmez',324,0,0,NULL,'user',1,'2025-11-22 17:16:26','2025-11-22 20:14:56'),
(17,'seed_user_010','$2b$08$wzRciaYgqQKWJzUfJV/A3uzEZdixDcQWWz09bMEqHxBqih866A9gS','Isabella Ruiz','Isabella','Ruiz','isabella.ruiz@example.com','677433484','isabella.ruiz',142,0,0,NULL,'user',1,'2025-11-22 17:16:26','2025-11-22 20:14:56'),
(18,'seed_user_011','$2b$08$LUky8Ov9XTFy5kU4LSC.6.CWZ3pBf.xzFYjANuZwZq6p63grj01Cy','Santiago Hernández','Santiago','Hernández','santiago.hernandez@example.com','630008952','santiago.hernndez',474,0,0,NULL,'user',1,'2025-11-22 17:16:26','2025-11-22 20:14:57'),
(19,'seed_user_012','$2b$08$8yhoQ842.8YHERzNdRZwgeMguHJsiJ2RdCdVhNrhWScc8f/jktUtW','Camila Díaz','Camila','Díaz','camila.diaz@example.com','616964276','camila.daz',531,0,0,NULL,'user',1,'2025-11-22 17:16:26','2025-11-22 20:14:57'),
(20,'seed_user_013','$2b$08$1/IdqEP3MTPv4rbA2rvPYuKVR8MMNYKIhwoXWYO1PpkcUJjv2sKQ.','Andrés Jiménez','Andrés','Jiménez','andres.jimenez@example.com','694067053','andrs.jimnez',281,0,0,NULL,'user',1,'2025-11-22 17:16:26','2025-11-22 20:14:57'),
(21,'seed_user_014','$2b$08$36OFEFNj2wFnrYhYJarOSON5bGADWbWAwgZB9TBP4cpKTafxQcTvi','Laura Moreno','Laura','Moreno','laura.moreno@example.com','699912079','laura.moreno',214,0,0,NULL,'user',1,'2025-11-22 17:16:26','2025-11-22 20:14:57'),
(22,'seed_user_015','$2b$08$Vz.uoB.HCBvX85DBCwLmyeDfwhMSM6WXSHeDm0zCe.EVBVQ267PaK','Pablo Alonso','Pablo','Alonso','pablo.alonso@example.com','613485560','pablo.alonso',69,0,0,NULL,'user',1,'2025-11-22 17:16:26','2025-11-22 17:16:26'),
(23,'seed_user_016','$2b$08$MeqSAxaRsTvq6q9g93ikZu9R.Bi52bn9XZ0.557EQ5EbbSg5jn9mC','Marta Álvarez','Marta','Álvarez','marta.alvarez@example.com','680897712','marta.lvarez',604,0,0,NULL,'user',1,'2025-11-22 17:16:26','2025-11-22 17:16:26'),
(24,'seed_user_017','$2b$08$/dSQQJZ/g3Hf.xu1iAEJQeIL8Uopdg4nEyZOofIvwAaQqH2uIIfOC','Luis Romero','Luis','Romero','luis.romero@example.com','631832196','luis.romero',340,0,0,NULL,'user',1,'2025-11-22 17:16:26','2025-11-22 17:16:26'),
(25,'seed_user_018','$2b$08$vDapcJ7Amahh/xIAi3z8qea8eKgLuV2YChINQyGTarxmfGCRUp3TG','Ana Vázquez','Ana','Vázquez','ana.vazquez@example.com','697718851','ana.vzquez',635,0,0,NULL,'user',1,'2025-11-22 17:16:26','2025-11-22 17:16:26'),
(26,'seed_user_019','$2b$08$OM.BgOTBeXhd84FX3pTx4e4r.oubYpPLKE73zIweY9EdUyuItOJcG','Ricardo Muñoz','Ricardo','Muñoz','ricardo.munoz@example.com','630682181','ricardo.muoz',434,0,0,NULL,'user',1,'2025-11-22 17:16:26','2025-11-22 17:16:26'),
(27,'seed_user_020','$2b$08$N1DktQ4GLlUnWNbjktg0Pe8xVGNyJggZBkKA3f.CnfUZa959xKKT6','Natalia Serrano','Natalia','Serrano','natalia.serrano@example.com','635382805','natalia.serrano',595,0,0,NULL,'user',1,'2025-11-22 17:16:26','2025-11-22 17:16:26'),
(28,'seed_user_021','$2b$08$Zuw.vSe/D.rOVydzMkEh/.qTNc7KqK/pn9pfxXmPIinkAzUCMIk3.','Miguel Ortega','Miguel','Ortega','miguel.ortega@example.com','669255697','miguel.ortega',670,0,0,NULL,'user',1,'2025-11-22 17:16:26','2025-11-22 17:16:26'),
(29,'seed_user_022','$2b$08$/moTW3NFDHvnO3Dv.Vwp/O9Cx7PeIM8/BGSzOQy3yeA.LcOKc6edm','Paula Castro','Paula','Castro','paula.castro@example.com','617134884','paula.castro',92,0,0,NULL,'user',1,'2025-11-22 17:16:26','2025-11-22 17:16:26'),
(30,'seed_user_023','$2b$08$eNypTsHYFcVTRDQbyvFzs.jGUkghXI6hJ77dVw/bLXOGZ0qFPQS7y','Fernando Suárez','Fernando','Suárez','fernando.suarez@example.com','642601019','fernando.surez',71,0,0,NULL,'user',1,'2025-11-22 17:16:26','2025-11-22 17:16:26'),
(31,'seed_user_024','$2b$08$qQfGsEtrpEiDemAcwbShOuNEwcZ3XbW.qeDyWwcxCyTXEyDJS4Imu','Daniela Ramos','Daniela','Ramos','daniela.ramos@example.com','694113211','daniela.ramos',110,0,0,NULL,'user',1,'2025-11-22 17:16:26','2025-11-22 17:16:26'),
(32,'seed_user_025','$2b$08$h4LVHWNcCI8KM5nbMdTxquV0vh2dOQP1JfyUCB7HS5ItnmM.La/Vq','Óscar Gil','Óscar','Gil','oscar.gil@example.com','645678010','scar.gil',740,0,0,NULL,'user',1,'2025-11-22 17:16:26','2025-11-22 17:16:26'),
(33,'seed_user_026','$2b$08$8jc0syV8PelF0kX4hHEouuo9nuYvilFPyXNIAZ8ZwIU7cfk3tz17m','Clara Blanco','Clara','Blanco','clara.blanco@example.com','640449228','clara.blanco',389,0,0,NULL,'user',1,'2025-11-22 17:16:26','2025-11-22 17:16:26'),
(34,'seed_user_027','$2b$08$j2khBMHJhJDKqXTSo2BR5Ocg9ZGv2GWEM3anoUJmFp0ZtuMsSLKDa','Ignacio Molina','Ignacio','Molina','ignacio.molina@example.com','697477358','ignacio.molina',692,0,0,NULL,'user',1,'2025-11-22 17:16:26','2025-11-22 17:16:26'),
(35,'seed_user_028','$2b$08$j0Qblc/FZzGNPXjByj24eOksi7GnIzaVI8CRqqn1xEmvkcS2weklG','Adriana Cortés','Adriana','Cortés','adriana.cortes@example.com','679092854','adriana.corts',342,0,0,NULL,'user',1,'2025-11-22 17:16:26','2025-11-22 17:16:26'),
(36,'seed_user_029','$2b$08$I4Ge8uw7KsNCarFZ9Rz.9egJLI9ZY5nzxrzjnh7Mcd3b3BUtlWku2','Rubén Ortiz','Rubén','Ortiz','ruben.ortiz@example.com','650557315','rubn.ortiz',777,0,0,NULL,'user',1,'2025-11-22 17:16:26','2025-11-22 17:16:26'),
(37,'seed_user_030','$2b$08$IIyr1ziKMs/U3yzJuaS32e.i5nAkN/GKW1sK0bAOEMIVjAE7bGPIq','Elena Navarro','Elena','Navarro','elena.navarro@example.com','690104476','elena.navarro',637,0,0,NULL,'user',1,'2025-11-22 17:16:27','2025-11-22 17:16:27'),
(38,'seed_user_031','$2b$08$pz2TYlnn6wRenWZ0DMgQmeg5DOFxYAH..wGIj/EuTZ8LyzW/DQWoi','Manuel Torres','Manuel','Torres','manuel.torres@example.com','690994190','manuel.torres',565,0,0,NULL,'user',1,'2025-11-22 17:16:27','2025-11-22 17:16:27'),
(39,'seed_user_032','$2b$08$XOCH/mnaH.m7IKUR7BgLnuzlidaHaTFbucNEFimnB1ZDOvuJqFRS6','Irene Domínguez','Irene','Domínguez','irene.dominguez@example.com','673115176','irene.domnguez',119,0,0,NULL,'user',1,'2025-11-22 17:16:27','2025-11-22 17:16:27'),
(40,'seed_user_033','$2b$08$0PT.P8DWyV9BySdoUEOroOKol/E1a5CWQtfSLf3zazo2AcrRQEg8W','Tomás Vega','Tomás','Vega','tomas.vega@example.com','686515047','toms.vega',125,0,0,NULL,'user',1,'2025-11-22 17:16:27','2025-11-22 17:16:27'),
(41,'seed_user_034','$2b$08$X5jRXRCRT8BgJawAdUWe7usZXBlTbrlOP6H.ZM6sps3tv4fVGztDy','Mónica Marín','Mónica','Marín','monica.marin@example.com','698189315','mnica.marn',142,0,0,NULL,'user',1,'2025-11-22 17:16:27','2025-11-22 17:16:27'),
(42,'seed_user_035','$2b$08$H8DpOoeeI.uWL5xumfrCaumAzFkcy8NlWwad4yrT7W.HV6LGhPbfi','Enrique Iglesias','Enrique','Iglesias','enrique.iglesias@example.com','614097630','enrique.iglesias',277,0,0,NULL,'user',1,'2025-11-22 17:16:27','2025-11-22 17:16:27'),
(43,'seed_user_036','$2b$08$8DhrwcgGUHS.PPhiwzqhmeUpUnT7.OME3CMvgwHeZq14S3LkKYi9G','Sara Redondo','Sara','Redondo','sara.redondo@example.com','642190467','sara.redondo',490,0,0,NULL,'user',1,'2025-11-22 17:16:27','2025-11-22 17:16:27'),
(44,'seed_user_037','$2b$08$r1ne7YKSy6eUlefQtVmB9ecuF9XBI1y3MCKHKAjZhJR5zKMU.V5aO','Raúl Cano','Raúl','Cano','raul.cano@example.com','669522846','ral.cano',752,0,0,NULL,'user',1,'2025-11-22 17:16:27','2025-11-22 17:16:27'),
(45,'seed_user_038','$2b$08$FBZ/sndHQ7Oo2mWpQGLBDut9kg7u/guoIKHTndVrDmRyn2fASIxia','Noelia Pascual','Noelia','Pascual','noelia.pascual@example.com','634298583','noelia.pascual',665,0,0,NULL,'user',1,'2025-11-22 17:16:27','2025-11-22 17:16:27'),
(46,'seed_user_039','$2b$08$dO2.DocvNkN4tMM/V.39iOd.wu/IBJL4VPROG5ziEvIUFV26Iwy4S','Álvaro Ferrer','Álvaro','Ferrer','alvaro.ferrer@example.com','637635237','lvaro.ferrer',44,0,0,NULL,'user',1,'2025-11-22 17:16:27','2025-11-22 17:16:27'),
(47,'seed_user_040','$2b$08$Hha4iSe9npSVuiL3MGvgh..X/5ZpbJ69pcpSRXzGFLYo0Cd2XvOja','Beatriz Solé','Beatriz','Solé','beatriz.sole@example.com','691342414','beatriz.sol',576,0,0,NULL,'user',1,'2025-11-22 17:16:27','2025-11-22 17:16:27'),
(48,'seed_user_041','$2b$08$lYy1cLLtkT4Mfu/PURqGhO6U8octlYZXWCfe.HdwLEZaWh445.M0.','Rubén Rojas','Rubén','Rojas','ruben.rojas@example.com','611404805','rubn.rojas',67,0,0,NULL,'user',1,'2025-11-22 17:16:27','2025-11-22 17:16:27'),
(49,'seed_user_042','$2b$08$sKiMtNXQ5soTRoV.O7EltuWx4vQNTKY8qK2cQHTw6mnw7voEX4fMK','Esther Cruz','Esther','Cruz','esther.cruz@example.com','671794422','esther.cruz',43,0,0,NULL,'user',1,'2025-11-22 17:16:27','2025-11-22 17:16:27'),
(50,'seed_user_043','$2b$08$5QRF6H1p5qW9wVObYbQp9OaMig5jvvBfEY7KKBItiIIiZuHF06HP6','Hugo Montero','Hugo','Montero','hugo.montero@example.com','665745896','hugo.montero',661,0,0,NULL,'user',1,'2025-11-22 17:16:27','2025-11-22 17:16:27'),
(51,'seed_user_044','$2b$08$LFyM1UntEAGxekxZYOlB4uU10yKc1nEOiiVDEfHeO2TPfLmoxt5Dy','Lidia Herrera','Lidia','Herrera','lidia.herrera@example.com','662771183','lidia.herrera',506,0,0,NULL,'user',1,'2025-11-22 17:16:27','2025-11-22 17:16:27'),
(52,'seed_user_045','$2b$08$IaLxoEW3bgSehV2UPrasbu3Q5dM4.8SMkb9NCxcS1oJyhvuNoGQiW','Marco Calvo','Marco','Calvo','marco.calvo@example.com','635850341','marco.calvo',582,0,0,NULL,'user',1,'2025-11-22 17:16:27','2025-11-22 17:16:27'),
(53,'seed_user_046','$2b$08$.pXuEGrrMnjqKHakc.s8huuvhQhlAMS4CyE0/egLcPfK9gO7kw7jS','Rocío Mora','Rocío','Mora','rocio.mora@example.com','625378776','roco.mora',327,0,0,NULL,'user',1,'2025-11-22 17:16:27','2025-11-22 17:16:27'),
(54,'seed_user_047','$2b$08$rPElsTDT4X5/yPP1xFHkeuYTfsp3n99qqpDrA5oGh8A1ECrqkEdHa','Víctor Núñez','Víctor','Núñez','victor.nunez@example.com','647164228','vctor.nez',136,0,0,NULL,'user',1,'2025-11-22 17:16:27','2025-11-22 17:16:27'),
(55,'seed_user_048','$2b$08$OgyZdcjeIRKiQRVJ721v7u4rUv4dLrf0MRZQKmZ2.A2U4YcLDzYnO','Carla Santos','Carla','Santos','carla.santos@example.com','699853011','carla.santos',502,0,0,NULL,'user',1,'2025-11-22 17:16:27','2025-11-22 17:16:27'),
(56,'seed_user_049','$2b$08$FZ/i9sGoP.aq34kB/UVld.64.S0b4h85idzK0u/RamwoRbO5DQTzS','Gonzalo Varela','Gonzalo','Varela','gonzalo.varela@example.com','669965984','gonzalo.varela',64,0,0,NULL,'user',1,'2025-11-22 17:16:27','2025-11-22 17:16:27'),
(57,'seed_user_050','$2b$08$qat5qHAaMeAe/RBDXgAZS.0oSz9CaHkM6zJreXdT/9z8CWZLh4GZS','Nuria Polo','Nuria','Polo','nuria.polo@example.com','680191021','nuria.polo',566,0,0,NULL,'user',1,'2025-11-22 17:16:27','2025-11-22 17:16:27'),
(58,'jugador1','$2b$10$I0mhIShPjOWCKGY9r4VDDu6zrRsdJAhXl0Y9tD2IxHZ2UveQNkeiS','Juan Pérez','','',NULL,NULL,NULL,434,0,0,NULL,'user',1,'2025-11-27 20:34:34','2025-11-27 20:34:34'),
(59,'jugador2','$2b$10$KfKNqhMP47LsIBxPJfDB8OG.qNryD7Lx401uL6FsySi15KeI2Mh22','María García','','',NULL,NULL,NULL,415,0,0,NULL,'user',1,'2025-11-27 20:34:35','2025-11-27 20:34:35'),
(60,'jugador3','$2b$10$Vzq6N8SI6AWw3GAflnHtXOYtZDHTRVSb8jqMaWQUF1V..cb3f1yLi','Carlos López','','',NULL,NULL,NULL,444,0,0,NULL,'user',1,'2025-11-27 20:34:35','2025-11-27 20:34:35'),
(61,'jugador4','$2b$10$UNwZEXKMPt67LqUIqirEDuk3WBMKNgkgkGud0dxAuVRQO/9bw3Zi6','Ana Martínez','','',NULL,NULL,NULL,190,0,0,NULL,'user',1,'2025-11-27 20:34:35','2025-11-27 20:34:35'),
(62,'jugador5','$2b$10$LN468NEce6vx8zS6nPVvd.eKw.wOBr/s2gOBcrpPTa3fJ1p3ZAzn2','Pedro Rodríguez','','',NULL,NULL,NULL,40,0,0,NULL,'user',1,'2025-11-27 20:34:35','2025-11-27 20:34:35');

SET FOREIGN_KEY_CHECKS=1;
